	Index	Gene_name	Cluster_id	Gene_list_id	Ensembl_gene_id	Ensembl_transcript_id	RefSeq_mRNA_id	HGNC_symbol	Alias	Info
0	1	Mef2c	1	marpiech_tissues_dex_1	ENSMUSG00000005583	ENSMUST00000198064|ENSMUST00000198360|ENSMUST00000163888|ENSMUST00000199262|ENSMUST00000199105|ENSMUST00000198199|ENSMUST00000199167|ENSMUST00000198217|ENSMUST00000197938|ENSMUST00000197145|ENSMUST00000199019|ENSMUST00000196832|ENSMUST00000198069|ENSMUST00000197022|ENSMUST00000199210|ENSMUST00000196730|ENSMUST00000005722|ENSMUST00000197722|ENSMUST00000197681|ENSMUST00000196207|ENSMUST00000185052|ENSMUST00000200394|ENSMUST00000195904|ENSMUST00000200138|ENSMUST00000198916|ENSMUST00000200123|ENSMUST00000197146|ENSMUST00000195984|ENSMUST00000199432|ENSMUST00000199450|ENSMUST00000196493	|NM_001347576|NM_001347579|NM_001170537|NM_001347566|NM_001347574|NM_001347577|NM_001347568|NM_001347578|NM_001347572|NM_025282|NM_001347575|NM_001347580|NM_001347564|NM_001347569|NM_001347571|NM_001347581|NM_001347573|NM_001347567	MEF2C		Down
1	2	Cxcl1	2	marpiech_tissues_dex_2	ENSMUSG00000029380	ENSMUST00000031327|ENSMUST00000201245	|NM_008176			Down
2	3	Id1	3	marpiech_tissues_dex_3	ENSMUSG00000042745	ENSMUST00000109824|ENSMUST00000038368	NM_010495|NM_001355113|NM_001369018	ID1		Down
3	4	Aplnr	4	marpiech_tissues_dex_4	ENSMUSG00000044338	ENSMUST00000184728|ENSMUST00000057019	|NM_011784	APLNR		Down
4	5	Phlda2	5	marpiech_tissues_dex_5	ENSMUSG00000010760	ENSMUST00000010904|ENSMUST00000207425|ENSMUST00000207561	|NM_009434	PHLDA2		Down
5	6	Stac2	6	marpiech_tissues_dex_6	ENSMUSG00000017400	ENSMUST00000131519|ENSMUST00000017544	|NM_146028	STAC2		Down
6	7	Thrsp	7	marpiech_tissues_dex_7	ENSMUSG00000035686	ENSMUST00000043077|ENSMUST00000206613	|NM_009381	THRSP		Up
7	8	Neurl1a	8	marpiech_tissues_dex_8	ENSMUSG00000006435	ENSMUST00000235290|ENSMUST00000111807|ENSMUST00000235326|ENSMUST00000111808	|NM_021360|NM_001163480	NEURL1		Up
8	9	Serpina1b	9	marpiech_tissues_dex_9	ENSMUSG00000071178	ENSMUST00000186166|ENSMUST00000187220|ENSMUST00000164454|ENSMUST00000095450	|NM_009244	SERPINA1		Up
9	10	Pnmt	10	marpiech_tissues_dex_10	ENSMUSG00000038216	ENSMUST00000041301|ENSMUST00000124527	|NM_008890	PNMT		Up
10	11	Agrp	11	marpiech_tissues_dex_11	ENSMUSG00000005705	ENSMUST00000194654|ENSMUST00000194091|ENSMUST00000005849	|NM_007427|NM_001271806	AGRP		Up
11	12	Gadd45b	12	marpiech_tissues_dex_12	ENSMUSG00000015312	ENSMUST00000219449|ENSMUST00000015456|ENSMUST00000220246	NM_008655|	GADD45B		Up
12	13	Farp2	13	marpiech_tissues_dex_13	ENSMUSG00000034066	ENSMUST00000120301|ENSMUST00000122402	|NM_145519	FARP2		Up
13	14	6620401C13Rik	14	marpiech_tissues_dex_14						Up
14	15	Irak2	15	marpiech_tissues_dex_15	ENSMUSG00000060477	ENSMUST00000204091|ENSMUST00000059286|ENSMUST00000204744|ENSMUST00000143948|ENSMUST00000089023|ENSMUST00000113024|ENSMUST00000155554|ENSMUST00000089022|ENSMUST00000203381	|NM_001113553|NM_172161	IRAK2		Up
15	16	1500009L16Rik	16	marpiech_tissues_dex_16	ENSMUSG00000087651	ENSMUST00000218623|ENSMUST00000150459|ENSMUST00000218196	|NM_001145198	C12orf75		Up
16	17	9330132O05Rik	1	marpiech_tissues_dex_1						Down
17	18	Socs3	2	marpiech_tissues_dex_2	ENSMUSG00000053113	ENSMUST00000132295|ENSMUST00000054002|ENSMUST00000123255	|NM_007707	SOCS3		Down
18	19	Rasl12	3	marpiech_tissues_dex_3	ENSMUSG00000041696	ENSMUST00000165682|ENSMUST00000217172|ENSMUST00000085453|ENSMUST00000215605	|NM_001162923|NM_001033158	RASL12		Down
19	20	Tnfsf10	4	marpiech_tissues_dex_4	ENSMUSG00000039304	ENSMUST00000174840|ENSMUST00000046383	|NM_009425	TNFSF10		Down
20	21	Sucnr1	5	marpiech_tissues_dex_5	ENSMUSG00000027762	ENSMUST00000195544|ENSMUST00000029326	|NM_032400	SUCNR1		Down
21	22	Cldn4	6	marpiech_tissues_dex_6	ENSMUSG00000047501	ENSMUST00000051401	NM_009903			Down
22	23	Pex11a	7	marpiech_tissues_dex_7	ENSMUSG00000030545	ENSMUST00000139620|ENSMUST00000032761|ENSMUST00000205297|ENSMUST00000150606	|NM_011068	PEX11A		Up
23	24	Serpine2	8	marpiech_tissues_dex_8	ENSMUSG00000026249	ENSMUST00000153862|ENSMUST00000027467|ENSMUST00000189793|ENSMUST00000191529|ENSMUST00000191026|ENSMUST00000190724	|NM_009255	SERPINE2		Up
24	25	9530053J19Rik	9	marpiech_tissues_dex_9						Up
25	26	Bmp4	10	marpiech_tissues_dex_10	ENSMUSG00000021835	ENSMUST00000100676|ENSMUST00000226759|ENSMUST00000074077|ENSMUST00000135408	|NM_001316360|NM_007554	BMP4		Up
26	27	Tom1l2	11	marpiech_tissues_dex_11	ENSMUSG00000000538	ENSMUST00000133420|ENSMUST00000142225|ENSMUST00000102683|ENSMUST00000095254|ENSMUST00000153920|ENSMUST00000143124|ENSMUST00000093046|ENSMUST00000102682|ENSMUST00000064019|ENSMUST00000093048|ENSMUST00000151284	|NM_001403895|NM_153080|NM_001359810|NM_001403893|NM_001039093|NM_001039092|NM_001403896	TOM1L2		Up
27	28	Ppp1r3g	12	marpiech_tissues_dex_12	ENSMUSG00000050423	ENSMUST00000225537|ENSMUST00000172766|ENSMUST00000132661	|NM_029628	PPP1R3G		Up
28	29	Map2k3os	13	marpiech_tissues_dex_13	ENSMUSG00000042549	ENSMUST00000243473|ENSMUST00000123544|ENSMUST00000243488				Up
29	30	Arrdc3	14	marpiech_tissues_dex_14	ENSMUSG00000074794	ENSMUST00000161441|ENSMUST00000159690|ENSMUST00000159090|ENSMUST00000159856|ENSMUST00000099356|ENSMUST00000162904	|NM_001042591	ARRDC3		Up
30	31	Chac1	15	marpiech_tissues_dex_15	ENSMUSG00000027313	ENSMUST00000028780	NM_026929	CHAC1		Down
31	32	Ccl7	16	marpiech_tissues_dex_16	ENSMUSG00000035373	ENSMUST00000021011	NM_013654	CCL7		Down
32	33	Gpr81	1	marpiech_tissues_dex_1						Down
33	34	Sox7	2	marpiech_tissues_dex_2	ENSMUSG00000063060	ENSMUST00000079652	NM_011446	SOX7		Down
34	35	Sap30	3	marpiech_tissues_dex_3	ENSMUSG00000031609	ENSMUST00000034022	NM_021788	SAP30		Down
35	36	C2cd4a	4	marpiech_tissues_dex_4	ENSMUSG00000047990	ENSMUST00000054500	NM_001163143			Down
36	37	Atp1b1	5	marpiech_tissues_dex_5	ENSMUSG00000026576	ENSMUST00000027863|ENSMUST00000192522|ENSMUST00000193367|ENSMUST00000193980	|NM_009721	ATP1B1		Up
37	38	Mup1	6	marpiech_tissues_dex_6	ENSMUSG00000078683	ENSMUST00000084548|ENSMUST00000135953|ENSMUST00000107499|ENSMUST00000103012	NM_001163011||NM_001163010|NM_031188			Up
38	39	Ppp1r3c	7	marpiech_tissues_dex_7	ENSMUSG00000067279	ENSMUST00000087321	NM_016854	PPP1R3C		Up
39	40	Sla	8	marpiech_tissues_dex_8	ENSMUSG00000022372	ENSMUST00000168589|ENSMUST00000168522|ENSMUST00000100572|ENSMUST00000164163|ENSMUST00000164939	|NM_009192|NM_001029841	SLA		Up
40	41	Cyp2b10	9	marpiech_tissues_dex_9	ENSMUSG00000030483	ENSMUST00000005477|ENSMUST00000072438|ENSMUST00000144140	|NM_009999			Up
41	42	Plekhf1	10	marpiech_tissues_dex_10	ENSMUSG00000074170	ENSMUST00000098513	NM_024413	PLEKHF1		Up
42	43	Kcnf1	11	marpiech_tissues_dex_11	ENSMUSG00000051726	ENSMUST00000170580	NM_201531	KCNF1		Up
43	44	Znfx1	12	marpiech_tissues_dex_12	ENSMUSG00000039501	ENSMUST00000128676|ENSMUST00000048988|ENSMUST00000155281|ENSMUST00000067584|ENSMUST00000135967	|NM_001291162|NM_001033196	ZNFX1		Up
44	45	Dusp18	13	marpiech_tissues_dex_13	ENSMUSG00000047205	ENSMUST00000109996|ENSMUST00000055931	|NM_173745	DUSP18		Up
45	46	Klk1b22	14	marpiech_tissues_dex_14	ENSMUSG00000060177	ENSMUST00000077528	NM_010114	KLK3		Down
46	47	Irs3	15	marpiech_tissues_dex_15	ENSMUSG00000047182	ENSMUST00000057314|ENSMUST00000196511	|NM_010571			Down
47	48	Plekho2	16	marpiech_tissues_dex_16	ENSMUSG00000050721	ENSMUST00000213652|ENSMUST00000214740|ENSMUST00000213554|ENSMUST00000068944	|NM_153119	PLEKHO2		Down
48	49	Arhgef39	1	marpiech_tissues_dex_1	ENSMUSG00000051517	ENSMUST00000125834|ENSMUST00000146781|ENSMUST00000147124|ENSMUST00000152134|ENSMUST00000129378|ENSMUST00000156058|ENSMUST00000054538|ENSMUST00000154905|ENSMUST00000128754|ENSMUST00000136005	|NM_001013377	ARHGEF39		Down
49	50	Sstr2	2	marpiech_tissues_dex_2	ENSMUSG00000047904	ENSMUST00000106630|ENSMUST00000067591|ENSMUST00000146390	NM_001042606||NM_009217	SSTR2		Down
50	51	Rsph4a	3	marpiech_tissues_dex_3	ENSMUSG00000039552	ENSMUST00000169670	NM_001162957	RSPH4A		Up
51	52	Mup2	4	marpiech_tissues_dex_4	ENSMUSG00000078688	ENSMUST00000148940|ENSMUST00000107490|ENSMUST00000074700	|NM_008647|NM_001045550|NM_001286096			Up
52	53	Klk1b5	5	marpiech_tissues_dex_5	ENSMUSG00000066512	ENSMUST00000074359	NM_008456	KLK3		Up
53	54	Vcam1	6	marpiech_tissues_dex_6	ENSMUSG00000027962	ENSMUST00000196449|ENSMUST00000197031|ENSMUST00000196309|ENSMUST00000029574	|NM_011693	VCAM1		Up
54	55	Plin5	7	marpiech_tissues_dex_7	ENSMUSG00000011305	ENSMUST00000113072|ENSMUST00000019808	NM_001077348|NM_025874	PLIN5		Up
55	56	Rhou	8	marpiech_tissues_dex_8	ENSMUSG00000039960	ENSMUST00000136615|ENSMUST00000045487	|NM_133955	RHOU		Up
56	57	A830037N18Rik	9	marpiech_tissues_dex_9						Up
57	58	9430023L20Rik	10	marpiech_tissues_dex_10						Up
58	59	Cyr61	11	marpiech_tissues_dex_11						Up
59	60	Gm6484	12	marpiech_tissues_dex_12						Down
60	61	Elovl1	13	marpiech_tissues_dex_13	ENSMUSG00000006390	ENSMUST00000102673|ENSMUST00000067896|ENSMUST00000135162|ENSMUST00000006557|ENSMUST00000143140|ENSMUST00000167636|ENSMUST00000129419	NM_001039175||NM_001039176|NM_019422	ELOVL1		Down
61	62	Adrb3	14	marpiech_tissues_dex_14	ENSMUSG00000031489	ENSMUST00000117565|ENSMUST00000121838|ENSMUST00000209447|ENSMUST00000081438|ENSMUST00000211346	NM_013462|	ADRB3		Down
62	63	Nrarp	15	marpiech_tissues_dex_15	ENSMUSG00000078202	ENSMUST00000104999	NM_025980	NRARP		Down
63	64	Evpl	16	marpiech_tissues_dex_16	ENSMUSG00000034282	ENSMUST00000037007	NM_025276	EVPL		Down
64	65	Ak4	1	marpiech_tissues_dex_1	ENSMUSG00000028527	ENSMUST00000106946|ENSMUST00000151561|ENSMUST00000106945|ENSMUST00000155749|ENSMUST00000131397|ENSMUST00000102780|ENSMUST00000133055	|NM_009647|NM_001177604|NM_001177605|NM_001177602	AK4		Down
65	66	Zcchc18	2	marpiech_tissues_dex_2	ENSMUSG00000031428	ENSMUST00000033804|ENSMUST00000101227|ENSMUST00000113067	NM_001358440|NM_025893|NM_001358441|NM_001358437|NM_001035509|NM_001035510|NM_001358439	ZCCHC18		Up
66	67	Wfdc12	3	marpiech_tissues_dex_3	ENSMUSG00000042845	ENSMUST00000051272	NM_138684	WFDC12		Up
67	68	Klk1b27	4	marpiech_tissues_dex_4	ENSMUSG00000063177	ENSMUST00000079859	NM_020268	KLK3		Up
68	69	Lims2	5	marpiech_tissues_dex_5	ENSMUSG00000024395	ENSMUST00000225400|ENSMUST00000025254|ENSMUST00000233994|ENSMUST00000225125|ENSMUST00000224383|ENSMUST00000226112|ENSMUST00000224328|ENSMUST00000234678|ENSMUST00000225404|ENSMUST00000225470|ENSMUST00000223753|ENSMUST00000234549	|NM_001365015|NM_001379138|NM_001379137|NM_144862	LIMS2		Up
69	70	Hr	6	marpiech_tissues_dex_6	ENSMUSG00000022096	ENSMUST00000159959|ENSMUST00000163060|ENSMUST00000161069|ENSMUST00000022691|ENSMUST00000161468	|NM_021877|NM_001379479	HR		Up
70	71	CKLF5	7	marpiech_tissues_dex_7						Up
71	72	Napepld	8	marpiech_tissues_dex_8	ENSMUSG00000044968	ENSMUST00000115217|ENSMUST00000060899	NM_001359964|NM_178728|NM_001359965|NM_001359963	NAPEPLD		Up
72	73	Gbp11	9	marpiech_tissues_dex_9	ENSMUSG00000092021	ENSMUST00000100960		GBP6		Down
73	74	Wnt3a	10	marpiech_tissues_dex_10	ENSMUSG00000009900	ENSMUST00000010044	NM_009522	WNT3A		Down
74	75	Ffar2	11	marpiech_tissues_dex_11	ENSMUSG00000051314	ENSMUST00000163504|ENSMUST00000053156|ENSMUST00000168528|ENSMUST00000186059|ENSMUST00000186534|ENSMUST00000186339	|NM_001168511|NM_001168512|NM_001168510|NM_001168509|NM_146187	FFAR2		Down
75	76	Bhlhe40	12	marpiech_tissues_dex_12	ENSMUSG00000030103	ENSMUST00000163617|ENSMUST00000166346|ENSMUST00000032194|ENSMUST00000204550	|NM_011498	BHLHE40		Down
76	77	AI854703	13	marpiech_tissues_dex_13	ENSMUSG00000053297	ENSMUST00000154570|ENSMUST00000095938|ENSMUST00000204958|ENSMUST00000203088	|NM_001402005|NM_001402008			Down
77	78	Tmie	14	marpiech_tissues_dex_14	ENSMUSG00000049555	ENSMUST00000198062|ENSMUST00000050958|ENSMUST00000199189	|NM_146260	TMIE		Down
78	79	Itih3	15	marpiech_tissues_dex_15	ENSMUSG00000006522	ENSMUST00000226547|ENSMUST00000226179|ENSMUST00000228114|ENSMUST00000227995|ENSMUST00000227181|ENSMUST00000006697	|NM_008407	ITIH3		Up
79	80	Gdf15	16	marpiech_tissues_dex_16	ENSMUSG00000038508	ENSMUST00000110103|ENSMUST00000003808	NM_001330687|NM_011819	GDF15		Up
80	81	Mup6	1	marpiech_tissues_dex_1	ENSMUSG00000078689	ENSMUST00000107521|ENSMUST00000107517|ENSMUST00000107520	|NM_001081285			Up
81	82	Klk1b4	2	marpiech_tissues_dex_2	ENSMUSG00000066513	ENSMUST00000077354	NM_010915	KLK3		Up
82	83	Sult1a1	3	marpiech_tissues_dex_3	ENSMUSG00000030711	ENSMUST00000155419|ENSMUST00000106372|ENSMUST00000106373	NM_133670|			Up
83	84	Upp2	4	marpiech_tissues_dex_4	ENSMUSG00000026839	ENSMUST00000135737|ENSMUST00000102755|ENSMUST00000229923|ENSMUST00000137007|ENSMUST00000229829|ENSMUST00000230627|ENSMUST00000230667|ENSMUST00000128864|ENSMUST00000059102|ENSMUST00000071543	|NM_029692|NM_001289659|NM_001289660	UPP2		Up
84	85	Plod2	5	marpiech_tissues_dex_5	ENSMUSG00000032374	ENSMUST00000161906|ENSMUST00000160359|ENSMUST00000190075|ENSMUST00000070522|ENSMUST00000160142	NM_001142916||NM_011961	PLOD2		Up
85	86	9830132E05Rik	6	marpiech_tissues_dex_6						Up
86	87	Tiparp	7	marpiech_tissues_dex_7	ENSMUSG00000034640	ENSMUST00000130705|ENSMUST00000047906|ENSMUST00000154094	|NM_178892	TIPARP		Up
87	88	Acot3	8	marpiech_tissues_dex_8	ENSMUSG00000021228	ENSMUST00000223080|ENSMUST00000120927|ENSMUST00000021653	|NM_134246|NM_001346701	ACOT2		Down
88	89	Dock4	9	marpiech_tissues_dex_9	ENSMUSG00000035954	ENSMUST00000221664|ENSMUST00000223290|ENSMUST00000220783|ENSMUST00000220850|ENSMUST00000037488|ENSMUST00000221758|ENSMUST00000222860|ENSMUST00000222798|ENSMUST00000221731|ENSMUST00000222287|ENSMUST00000220912	|NM_172803	DOCK4		Down
89	90	Niacr1	10	marpiech_tissues_dex_10						Down
90	91	Dbp	11	marpiech_tissues_dex_11	ENSMUSG00000059824	ENSMUST00000080885|ENSMUST00000211748|ENSMUST00000211513|ENSMUST00000211357|ENSMUST00000210120	|NM_016974	DBP		Down
91	92	Slc22a23	12	marpiech_tissues_dex_12	ENSMUSG00000038267	ENSMUST00000040336|ENSMUST00000148390|ENSMUST00000143353|ENSMUST00000145038|ENSMUST00000128392	|NM_001033167|NM_001382849	SLC22A23		Down
92	93	Lhfpl2	13	marpiech_tissues_dex_13	ENSMUSG00000045312	ENSMUST00000144838|ENSMUST00000118195|ENSMUST00000156071|ENSMUST00000223423|ENSMUST00000120051|ENSMUST00000131595|ENSMUST00000221096|ENSMUST00000054274|ENSMUST00000121618	|NM_172589	LHFPL2		Down
93	94	Eno2	14	marpiech_tissues_dex_14	ENSMUSG00000004267	ENSMUST00000004378|ENSMUST00000127274|ENSMUST00000112476|ENSMUST00000147307|ENSMUST00000138770|ENSMUST00000125436|ENSMUST00000128701|ENSMUST00000149652|ENSMUST00000151214|ENSMUST00000135626|ENSMUST00000146712|ENSMUST00000204896|ENSMUST00000128598|ENSMUST00000147004|ENSMUST00000156033|ENSMUST00000139763	|NM_013509|NM_001302642|NM_001409687|NM_001355220	ENO2		Up
94	95	Lrtm1	15	marpiech_tissues_dex_15	ENSMUSG00000045776	ENSMUST00000055662|ENSMUST00000224760|ENSMUST00000224708	|NM_176920	LRTM1		Up
95	96	Klk1b24	16	marpiech_tissues_dex_16	ENSMUSG00000063713	ENSMUST00000073713	NM_010643	KLK3		Up
96	97	Chst15	1	marpiech_tissues_dex_1	ENSMUSG00000030930	ENSMUST00000207068|ENSMUST00000132508|ENSMUST00000077472|ENSMUST00000080215	|NM_029935|NM_001360768	CHST15		Up
97	98	LOC332300	2	marpiech_tissues_dex_2						Up
98	99	Nhsl2	3	marpiech_tissues_dex_3	ENSMUSG00000079481	ENSMUST00000144753|ENSMUST00000144397|ENSMUST00000101339|ENSMUST00000129185|ENSMUST00000155477|ENSMUST00000124279|ENSMUST00000125115	|NM_001406046|NM_001406047|NM_001406044|NM_001163610|NM_001406050|NM_001406049|NM_001406045|NM_001406043|NM_001406048	NHSL2		Up
99	100	Car9	4	marpiech_tissues_dex_4	ENSMUSG00000028463	ENSMUST00000154251|ENSMUST00000129996|ENSMUST00000128232|ENSMUST00000126750|ENSMUST00000030183|ENSMUST00000138073|ENSMUST00000124114	|NM_139305	CA9		Up
100	101	Got1l1	5	marpiech_tissues_dex_5	ENSMUSG00000039720	ENSMUST00000038174|ENSMUST00000211002|ENSMUST00000209299|ENSMUST00000209699|ENSMUST00000209281	NM_029674|	GOT1L1		Up
101	102	Rgs2	6	marpiech_tissues_dex_6	ENSMUSG00000026360	ENSMUST00000127206|ENSMUST00000153527|ENSMUST00000134817|ENSMUST00000027606	|NM_009061	RGS2		Up
102	103	LOC381739	7	marpiech_tissues_dex_7						Down
103	104	Krt23	8	marpiech_tissues_dex_8	ENSMUSG00000006777	ENSMUST00000006969	NM_033373	KRT23		Down
104	105	Nnat	9	marpiech_tissues_dex_9	ENSMUSG00000067786	ENSMUST00000173041|ENSMUST00000088484|ENSMUST00000173595|ENSMUST00000173839|ENSMUST00000173793|ENSMUST00000109526|ENSMUST00000172487|ENSMUST00000152605|ENSMUST00000153739|ENSMUST00000134513	|NM_010923|NM_001291128|NM_180960|NM_001291129|NM_001291130			Down
105	106	Sirpa	10	marpiech_tissues_dex_10	ENSMUSG00000037902	ENSMUST00000163034|ENSMUST00000103202|ENSMUST00000153491|ENSMUST00000136554|ENSMUST00000162764|ENSMUST00000136153|ENSMUST00000160952|ENSMUST00000161620|ENSMUST00000049262|ENSMUST00000160276|ENSMUST00000179001|ENSMUST00000099113|ENSMUST00000127751|ENSMUST00000103203	|NM_001291022|NM_001291020|NM_001355160|NM_001291021|NM_001177647|NM_001355158|NM_001291019|NM_007547	SIRPB1		Down
106	107	Cyp24a1	11	marpiech_tissues_dex_11	ENSMUSG00000038567	ENSMUST00000038824	NM_009996	CYP24A1		Down
107	108	Sel1l3	12	marpiech_tissues_dex_12	ENSMUSG00000029189	ENSMUST00000196550|ENSMUST00000196516|ENSMUST00000196435|ENSMUST00000031090|ENSMUST00000199919	|NM_172710	SEL1L3		Down
108	109	Cpe	13	marpiech_tissues_dex_13	ENSMUSG00000037852	ENSMUST00000210680|ENSMUST00000210783|ENSMUST00000048967|ENSMUST00000211312	|NM_013494	CPE		Up
109	110	Igfbp1	14	marpiech_tissues_dex_14	ENSMUSG00000020429	ENSMUST00000020704	NM_008341	IGFBP1		Up
110	111	Fgg	15	marpiech_tissues_dex_15	ENSMUSG00000033860	ENSMUST00000048486|ENSMUST00000194175	NM_001317105|NM_133862	FGG		Up
111	112	Saa4	16	marpiech_tissues_dex_16	ENSMUSG00000040017	ENSMUST00000006952	NM_011316	SAA4		Up
112	113	Sox4	1	marpiech_tissues_dex_1	ENSMUSG00000076431	ENSMUST00000067230	NM_009238	SOX4		Up
113	114	LOC100040353	2	marpiech_tissues_dex_2						Up
114	115	Spata13	3	marpiech_tissues_dex_3	ENSMUSG00000021990	ENSMUST00000162945|ENSMUST00000160973|ENSMUST00000159729|ENSMUST00000159135|ENSMUST00000162939|ENSMUST00000162131|ENSMUST00000159169|ENSMUST00000022566|ENSMUST00000160095	|NM_001033272|NM_001310594|NM_001404964	SPATA13		Down
115	116	Sox11	4	marpiech_tissues_dex_4	ENSMUSG00000063632	ENSMUST00000079063	NM_009234	SOX11		Down
116	117	Rasd1	5	marpiech_tissues_dex_5	ENSMUSG00000049892	ENSMUST00000062405	NM_009026	RASD1		Down
117	118	Cd83	6	marpiech_tissues_dex_6	ENSMUSG00000015396	ENSMUST00000015540|ENSMUST00000221359	|NM_001289915|NM_009856	CD83		Down
118	120	Tril	8	marpiech_tissues_dex_8	ENSMUSG00000043496	ENSMUST00000127748	NM_025817	TRIL		Down
119	121	6330403K07Rik	9	marpiech_tissues_dex_9	ENSMUSG00000018451	ENSMUST00000156068|ENSMUST00000238695	|NM_134022			Up
120	122	Insig2	10	marpiech_tissues_dex_10	ENSMUSG00000003721	ENSMUST00000159125|ENSMUST00000162790|ENSMUST00000160688|ENSMUST00000162582|ENSMUST00000159085|ENSMUST00000161068|ENSMUST00000186915|ENSMUST00000071064|ENSMUST00000162019|ENSMUST00000160968|ENSMUST00000159528|ENSMUST00000161818|ENSMUST00000159192|ENSMUST00000003818	|NM_178082|NM_001271531|NM_001271532|NM_133748|NM_001357251	INSIG2		Up
121	123	Apoc1	11	marpiech_tissues_dex_11	ENSMUSG00000040564	ENSMUST00000207978|ENSMUST00000108451|ENSMUST00000207500|ENSMUST00000045035	NM_007469||NM_001110009	APOC1		Up
122	124	Klk1b21	12	marpiech_tissues_dex_12	ENSMUSG00000066516	ENSMUST00000085455	NM_010642	KLK3		Up
123	125	Per1	13	marpiech_tissues_dex_13	ENSMUSG00000020893	ENSMUST00000102605|ENSMUST00000101004|ENSMUST00000021271|ENSMUST00000142392|ENSMUST00000132462|ENSMUST00000166748	|NM_001159367|NM_011065	PER1		Up
124	126	Adh6b	14	marpiech_tissues_dex_14	ENSMUSG00000074206	ENSMUST00000199673|ENSMUST00000199718|ENSMUST00000090166	|NM_001370857	ADH6		Up
125	127	6430548M08Rik	15	marpiech_tissues_dex_15	ENSMUSG00000031824	ENSMUST00000132229|ENSMUST00000108951|ENSMUST00000034281|ENSMUST00000144682|ENSMUST00000108950|ENSMUST00000212474|ENSMUST00000108948|ENSMUST00000153725|ENSMUST00000212268	|NM_001163762|NM_001163761|NM_172286|NM_001163760	KIAA0513		Up
126	128	LOC672274	16	marpiech_tissues_dex_16						Up
127	129	Limk2	1	marpiech_tissues_dex_1	ENSMUSG00000020451	ENSMUST00000101638|ENSMUST00000145223|ENSMUST00000134576|ENSMUST00000148771|ENSMUST00000148091|ENSMUST00000147344|ENSMUST00000132479|ENSMUST00000101640|ENSMUST00000101642|ENSMUST00000110029|ENSMUST00000123689|ENSMUST00000125832|ENSMUST00000142926	|NM_001402864|NM_010718|NM_173053|NM_001361623|NM_001402860|NM_001034030	LIMK2		Up
128	130	Lyve1	2	marpiech_tissues_dex_2	ENSMUSG00000030787	ENSMUST00000033050|ENSMUST00000209319	|NM_053247	LYVE1		Up
129	131	Dclk3	3	marpiech_tissues_dex_3	ENSMUSG00000032500	ENSMUST00000111879	NM_172928	DCLK3		Down
130	132	Chst1	4	marpiech_tissues_dex_4	ENSMUSG00000027221	ENSMUST00000065797	NM_001356552|NM_001356553|NM_023850	CHST1		Down
131	133	Ccr5	5	marpiech_tissues_dex_5	ENSMUSG00000079227	ENSMUST00000111442|ENSMUST00000168179|ENSMUST00000171499|ENSMUST00000097855|ENSMUST00000171579|ENSMUST00000169553	|NM_009917	CCR2		Down
132	134	Igsf9	6	marpiech_tissues_dex_6	ENSMUSG00000037995	ENSMUST00000132141|ENSMUST00000135267|ENSMUST00000155426|ENSMUST00000193620|ENSMUST00000127052|ENSMUST00000150855|ENSMUST00000052629|ENSMUST00000127482|ENSMUST00000140816|ENSMUST00000125258|ENSMUST00000141888|ENSMUST00000128638|ENSMUST00000140814|ENSMUST00000111235	|NM_001145800|NM_033608	IGSF9		Down
133	135	Rasgrf1	7	marpiech_tissues_dex_7	ENSMUSG00000032356	ENSMUST00000034912|ENSMUST00000190073|ENSMUST00000189545|ENSMUST00000034909	|NM_001357743|NM_011245|NM_001039655	RASGRF1		Up
134	136	Fam89a	8	marpiech_tissues_dex_8	ENSMUSG00000043068	ENSMUST00000055257	NM_001081120	FAM89A		Up
135	137	Serpina3g	9	marpiech_tissues_dex_9	ENSMUSG00000041481	ENSMUST00000170628|ENSMUST00000171065|ENSMUST00000171916|ENSMUST00000043315	|NM_001353612|NM_001353613	SERPINA3		Up
136	138	Sec62	10	marpiech_tissues_dex_10	ENSMUSG00000027706	ENSMUST00000029256|ENSMUST00000195072|ENSMUST00000191730	NM_027016||NM_001357528	SEC62		Up
137	139	Mt1	11	marpiech_tissues_dex_11	ENSMUSG00000031765	ENSMUST00000212291|ENSMUST00000034215|ENSMUST00000211807	|NM_013602	MT1X		Up
138	140	Greb1	12	marpiech_tissues_dex_12	ENSMUSG00000036523	ENSMUST00000162112|ENSMUST00000159044|ENSMUST00000160755|ENSMUST00000160347|ENSMUST00000159573|ENSMUST00000159120|ENSMUST00000161998|ENSMUST00000048064|ENSMUST00000160575|ENSMUST00000160627|ENSMUST00000161036|ENSMUST00000160851	|NM_015764|NM_001252071	GREB1		Up
139	141	6030408B16Rik	13	marpiech_tissues_dex_13						Up
140	142	Ndrg1	14	marpiech_tissues_dex_14	ENSMUSG00000005125	ENSMUST00000171569|ENSMUST00000164675|ENSMUST00000164070|ENSMUST00000167817|ENSMUST00000168542|ENSMUST00000165966|ENSMUST00000166420|ENSMUST00000163496|ENSMUST00000168979|ENSMUST00000005256|ENSMUST00000172447|ENSMUST00000170903|ENSMUST00000171266	|NM_008681	NDRG1		Up
141	143	Inhbe	15	marpiech_tissues_dex_15	ENSMUSG00000047492	ENSMUST00000059718	NM_008382	INHBE		Down
142	144	Ffar4	16	marpiech_tissues_dex_16	ENSMUSG00000054200	ENSMUST00000067098	NM_181748	FFAR4		Down
143	145	Irf1	1	marpiech_tissues_dex_1	ENSMUSG00000018899	ENSMUST00000128336|ENSMUST00000142221|ENSMUST00000140866|ENSMUST00000153054|ENSMUST00000133291|ENSMUST00000108920|ENSMUST00000123376|ENSMUST00000108922|ENSMUST00000138913|ENSMUST00000019043	|NM_001159393|NM_008390|NM_001159396	IRF1		Down
144	146	Lmcd1	2	marpiech_tissues_dex_2	ENSMUSG00000057604	ENSMUST00000032376	NM_144799	LMCD1		Down
145	147	Pdcd4	3	marpiech_tissues_dex_3	ENSMUSG00000024975	ENSMUST00000165617|ENSMUST00000237699|ENSMUST00000025931|ENSMUST00000237060|ENSMUST00000074371|ENSMUST00000235854	|NM_011050|NM_001168492|NM_001168491	PDCD4		Up
146	148	LOC628050	4	marpiech_tissues_dex_4						Up
147	149	Apoa2	5	marpiech_tissues_dex_5	ENSMUSG00000005681	ENSMUST00000005824|ENSMUST00000111321|ENSMUST00000111320|ENSMUST00000111319	|NM_001305550|NM_001305585|NM_001305549|NM_013474	APOA2		Up
148	150	Abcc8	6	marpiech_tissues_dex_6	ENSMUSG00000040136	ENSMUST00000210655|ENSMUST00000210637|ENSMUST00000033123|ENSMUST00000209432|ENSMUST00000210770|ENSMUST00000210986|ENSMUST00000210110|ENSMUST00000210511	|NM_001357538|NM_001403104|NM_011510	ABCC8		Up
149	151	Txnip	7	marpiech_tissues_dex_7	ENSMUSG00000038393	ENSMUST00000049093|ENSMUST00000151832|ENSMUST00000144639|ENSMUST00000196871|ENSMUST00000128221|ENSMUST00000074519	NM_001009935||NM_023719	TXNIP		Up
150	152	Gldc	8	marpiech_tissues_dex_8	ENSMUSG00000024827	ENSMUST00000235189|ENSMUST00000025778|ENSMUST00000235203	|NM_138595	GLDC		Up
151	153	Cklf	9	marpiech_tissues_dex_9	ENSMUSG00000054400	ENSMUST00000034342|ENSMUST00000212410|ENSMUST00000211829|ENSMUST00000212259|ENSMUST00000212688|ENSMUST00000212433|ENSMUST00000098464|ENSMUST00000212939|ENSMUST00000211809|ENSMUST00000212422	|NM_001286383|NM_029295|NM_001037841	CKLF		Up
152	154	3110023G01Rik	10	marpiech_tissues_dex_10						Up
153	155	Cdc37l1	11	marpiech_tissues_dex_11	ENSMUSG00000024780	ENSMUST00000224511|ENSMUST00000050148|ENSMUST00000224830|ENSMUST00000223694|ENSMUST00000225310|ENSMUST00000225210|ENSMUST00000224092|ENSMUST00000224599|ENSMUST00000225598	|NM_001377047|NM_025950|NM_001302443|NM_001302382|NM_001302380	CDC37L1		Up
154	156	Osgin1	12	marpiech_tissues_dex_12	ENSMUSG00000074063	ENSMUST00000131448|ENSMUST00000098365|ENSMUST00000152420|ENSMUST00000126414|ENSMUST00000212112|ENSMUST00000144381|ENSMUST00000145604	|NM_027950	OSGIN1		Down
155	157	Rasl11b	13	marpiech_tissues_dex_13	ENSMUSG00000049907	ENSMUST00000183995|ENSMUST00000051937|ENSMUST00000201837	|NM_026878	RASL11B		Down
156	158	Marcks	14	marpiech_tissues_dex_14	ENSMUSG00000069662	ENSMUST00000092584	NM_008538	MARCKS		Down
157	159	Trnp1	15	marpiech_tissues_dex_15	ENSMUSG00000056596	ENSMUST00000123169|ENSMUST00000125541	|NM_001081156	TRNP1		Up
158	160	Serpina5	16	marpiech_tissues_dex_16	ENSMUSG00000041550	ENSMUST00000021495	NM_172953	SERPINA5		Up
159	161	Apoa1	1	marpiech_tissues_dex_1	ENSMUSG00000032083	ENSMUST00000132155|ENSMUST00000034588	|NM_009692	APOA1		Up
160	162	Tfcp2l1	2	marpiech_tissues_dex_2	ENSMUSG00000026380	ENSMUST00000027629|ENSMUST00000190652	|NM_023755	TFCP2L1		Up
161	163	Mcf2l	3	marpiech_tissues_dex_3	ENSMUSG00000031442	ENSMUST00000145892|ENSMUST00000123811|ENSMUST00000238472|ENSMUST00000156560|ENSMUST00000110879|ENSMUST00000134989|ENSMUST00000127229|ENSMUST00000110871|ENSMUST00000110866|ENSMUST00000139776|ENSMUST00000110867|ENSMUST00000134227|ENSMUST00000130302|ENSMUST00000126905|ENSMUST00000156405|ENSMUST00000110873|ENSMUST00000098927|ENSMUST00000110876|ENSMUST00000173006|ENSMUST00000173099|ENSMUST00000095456|ENSMUST00000138387|ENSMUST00000145067	|NM_001371045|NM_001371047|NM_178076|NM_001371049|NM_001371044|NM_001159486|NM_001371043|NM_001159485|NM_001371048|NM_001371050|NM_001371046	MCF2L		Up
162	164	Tshb	4	marpiech_tissues_dex_4	ENSMUSG00000027857	ENSMUST00000197322|ENSMUST00000200041|ENSMUST00000196958|ENSMUST00000172026|ENSMUST00000029450|ENSMUST00000170856	|NM_001165939|NM_001165940|NM_009432	TSHB		Up
163	165	Fam110b	5	marpiech_tissues_dex_5	ENSMUSG00000049119	ENSMUST00000141479|ENSMUST00000145365|ENSMUST00000108380|ENSMUST00000144605|ENSMUST00000124256|ENSMUST00000156582|ENSMUST00000054857|ENSMUST00000171403|ENSMUST00000126564	NM_001355716|NM_173426|	FAM110B		Up
164	166	Rnf186	6	marpiech_tissues_dex_6	ENSMUSG00000070661	ENSMUST00000116094|ENSMUST00000239443	|NM_025786	RNF186		Down
165	167	Nrp	7	marpiech_tissues_dex_7						Down
166	168	Ddit4l	8	marpiech_tissues_dex_8	ENSMUSG00000046818	ENSMUST00000053855|ENSMUST00000167564|ENSMUST00000165845	|NM_030143	DDIT4L		Down
167	169	Neto2	9	marpiech_tissues_dex_9	ENSMUSG00000036902	ENSMUST00000216286|ENSMUST00000215046|ENSMUST00000209259|ENSMUST00000209479|ENSMUST00000109686	|NM_001357287|NM_001081324|NM_001357288	NETO2		Up
168	170	Rarres1	10	marpiech_tissues_dex_10	ENSMUSG00000049404	ENSMUST00000054825	NM_001164763	RARRES1		Up
169	171	Tmprss2	11	marpiech_tissues_dex_11	ENSMUSG00000000385	ENSMUST00000000395|ENSMUST00000231908|ENSMUST00000232599|ENSMUST00000231544|ENSMUST00000232141|ENSMUST00000231715	|NM_015775	TMPRSS2		Up
170	172	Adamts9	12	marpiech_tissues_dex_12	ENSMUSG00000030022	ENSMUST00000136751|ENSMUST00000125490|ENSMUST00000130314|ENSMUST00000203690|ENSMUST00000113438|ENSMUST00000167391	|NM_175314	ADAMTS9		Up
171	173	Ccrn4l	13	marpiech_tissues_dex_13						Up
172	174	Odf3l2	14	marpiech_tissues_dex_14	ENSMUSG00000035963	ENSMUST00000095464	NM_001033473	ODF3L2		Up
173	175	1200012P04Rik	15	marpiech_tissues_dex_15						Up
174	176	Rhob	16	marpiech_tissues_dex_16	ENSMUSG00000054364	ENSMUST00000067384	NM_007483	RHOB		Up
175	177	A530020H22Rik	1	marpiech_tissues_dex_1						Down
176	178	Fam78a	2	marpiech_tissues_dex_2	ENSMUSG00000050592	ENSMUST00000143795|ENSMUST00000056406|ENSMUST00000130178|ENSMUST00000139629	|NM_175511	FAM78A		Down
177	179	Efna1	3	marpiech_tissues_dex_3	ENSMUSG00000027954	ENSMUST00000029566|ENSMUST00000118860|ENSMUST00000118587	|NM_001162425|NM_010107	EFNA1		Down
178	180	9930013L23Rik	4	marpiech_tissues_dex_4						Down
179	181	Mras	5	marpiech_tissues_dex_5	ENSMUSG00000032470	ENSMUST00000123771|ENSMUST00000035045|ENSMUST00000119472|ENSMUST00000147078|ENSMUST00000131047|ENSMUST00000122384	NM_008624|	MRAS		Up
180	182	Pkig	6	marpiech_tissues_dex_6	ENSMUSG00000035268	ENSMUST00000064703|ENSMUST00000099105|ENSMUST00000147385|ENSMUST00000131228|ENSMUST00000152418|ENSMUST00000135537|ENSMUST00000164399|ENSMUST00000109400|ENSMUST00000126182	|NM_001164053|NM_001277096|NM_001039391|NM_011106|NM_001039390|NM_001164055	PKIG		Up
181	183	Ahsg	7	marpiech_tissues_dex_7	ENSMUSG00000022868	ENSMUST00000231328|ENSMUST00000023583|ENSMUST00000231932|ENSMUST00000232556|ENSMUST00000232098|ENSMUST00000231848|ENSMUST00000232377|ENSMUST00000232674	|NM_001276450|NM_013465	AHSG		Up
182	184	Insl6	8	marpiech_tissues_dex_8	ENSMUSG00000050957	ENSMUST00000052380	NM_013754	INSL6		Up
183	185	Ctgf	9	marpiech_tissues_dex_9						Up
184	186	EG245297	10	marpiech_tissues_dex_10						Up
185	187	Ly6g6e	11	marpiech_tissues_dex_11	ENSMUSG00000013766	ENSMUST00000013910|ENSMUST00000172678|ENSMUST00000172959|ENSMUST00000172494	|NM_027366			Up
186	188	Rin2	12	marpiech_tissues_dex_12	ENSMUSG00000001768	ENSMUST00000149269|ENSMUST00000147976|ENSMUST00000110005|ENSMUST00000145874|ENSMUST00000137180|ENSMUST00000150449|ENSMUST00000144278|ENSMUST00000144661|ENSMUST00000231581|ENSMUST00000094480|ENSMUST00000142847	|NM_001406509|NM_028724|NM_001406508	RIN2		Up
187	189	Plau	13	marpiech_tissues_dex_13	ENSMUSG00000021822	ENSMUST00000224141|ENSMUST00000022368	|NM_008873	PLAU		Down
188	190	Sox18	14	marpiech_tissues_dex_14	ENSMUSG00000046470	ENSMUST00000054491	NM_009236	SOX18		Down
189	191	Gpr83	15	marpiech_tissues_dex_15	ENSMUSG00000031932	ENSMUST00000115624|ENSMUST00000133278|ENSMUST00000034408	|NM_001310734|NM_010287	GPR83		Up
190	192	Serpina1c	16	marpiech_tissues_dex_16	ENSMUSG00000079015	ENSMUST00000074051	NM_009245	SERPINA1		Up
191	193	D030063E12	1	marpiech_tissues_dex_1						Up
192	194	Prkag3	2	marpiech_tissues_dex_2	ENSMUSG00000006542	ENSMUST00000160732|ENSMUST00000081636|ENSMUST00000113672|ENSMUST00000188073|ENSMUST00000162093|ENSMUST00000159728	|NM_153744	PRKAG3		Up
193	195	Fgfr2	3	marpiech_tissues_dex_3	ENSMUSG00000030849	ENSMUST00000147859|ENSMUST00000121064|ENSMUST00000129103|ENSMUST00000117073|ENSMUST00000153166|ENSMUST00000120187|ENSMUST00000117357|ENSMUST00000129542|ENSMUST00000130557|ENSMUST00000136264|ENSMUST00000208844|ENSMUST00000117691|ENSMUST00000122448|ENSMUST00000120141|ENSMUST00000117872|ENSMUST00000121080|ENSMUST00000148675|ENSMUST00000122054|ENSMUST00000119260|ENSMUST00000117754|ENSMUST00000117089|ENSMUST00000117858|ENSMUST00000124096|ENSMUST00000120715|ENSMUST00000127091|ENSMUST00000118296|ENSMUST00000133806	|NM_010207|NM_201601|NM_001347638	FGFR2		Up
194	196	Trp53inp1	4	marpiech_tissues_dex_4	ENSMUSG00000028211	ENSMUST00000132346|ENSMUST00000029865|ENSMUST00000132693|ENSMUST00000132010	|NM_021897|NM_001199105	TP53INP1		Up
195	197	Kbtbd13	5	marpiech_tissues_dex_5	ENSMUSG00000054978	ENSMUST00000068307	NM_028974	KBTBD13		Down
196	198	Sytl3	6	marpiech_tissues_dex_6	ENSMUSG00000041831	ENSMUST00000160483|ENSMUST00000160771|ENSMUST00000162635|ENSMUST00000097430|ENSMUST00000115763|ENSMUST00000161118|ENSMUST00000232362|ENSMUST00000232151|ENSMUST00000159394|ENSMUST00000162013|ENSMUST00000231743	|NM_183368|NM_031395|NM_183370	SYTL3		Up
197	199	Hpx	7	marpiech_tissues_dex_7	ENSMUSG00000030895	ENSMUST00000033185|ENSMUST00000210531	|NM_017371	HPX		Up
198	200	Kng1	8	marpiech_tissues_dex_8	ENSMUSG00000022875	ENSMUST00000089902|ENSMUST00000039492|ENSMUST00000125790|ENSMUST00000023589	|NM_001102412|NM_023125|NM_001102411	KNG1		Up
199	201	9330177P18Rik	9	marpiech_tissues_dex_9						Up
200	202	Eif4ebp3	10	marpiech_tissues_dex_10	ENSMUSG00000090264	ENSMUST00000036765	NM_201256	EIF4EBP3		Up
201	203	AA467197	11	marpiech_tissues_dex_11	ENSMUSG00000033213	ENSMUST00000110512|ENSMUST00000047498|ENSMUST00000142767|ENSMUST00000175727	|NM_001004174	C15orf48		Up
202	204	Sybu	12	marpiech_tissues_dex_12	ENSMUSG00000022340	ENSMUST00000110267|ENSMUST00000226214|ENSMUST00000227305|ENSMUST00000227081|ENSMUST00000090057|ENSMUST00000226825|ENSMUST00000228639|ENSMUST00000228057|ENSMUST00000110269	|NM_001032727|NM_178765|NM_176998|NM_001358584|NM_001285840|NM_001358583|NM_001358582	SYBU		Up
203	205	Nfkbia	13	marpiech_tissues_dex_13	ENSMUSG00000021025	ENSMUST00000219869|ENSMUST00000021413	|NM_010907	NFKBIA		Up
204	206	Bahcc1	14	marpiech_tissues_dex_14	ENSMUSG00000039741	ENSMUST00000118987|ENSMUST00000142439|ENSMUST00000122148|ENSMUST00000143667	|NM_001347621	BAHCC1		Down
205	207	Cyth4	15	marpiech_tissues_dex_15	ENSMUSG00000018008	ENSMUST00000229796|ENSMUST00000231180|ENSMUST00000229248|ENSMUST00000231168|ENSMUST00000231176|ENSMUST00000043069|ENSMUST00000229717|ENSMUST00000229233|ENSMUST00000229256|ENSMUST00000230705|ENSMUST00000230041|ENSMUST00000230583|ENSMUST00000229295	NM_028195|	CYTH4		Down
206	208	Pik3ip1	16	marpiech_tissues_dex_16	ENSMUSG00000034614	ENSMUST00000130747|ENSMUST00000045153|ENSMUST00000149253|ENSMUST00000093399|ENSMUST00000138907|ENSMUST00000139139|ENSMUST00000136536|ENSMUST00000153733|ENSMUST00000142961|ENSMUST00000136474	NM_178149|	PIK3IP1		Up
207	209	Dusp14	1	marpiech_tissues_dex_1	ENSMUSG00000018648	ENSMUST00000138208|ENSMUST00000108101|ENSMUST00000018792|ENSMUST00000100705|ENSMUST00000164891	|NM_001408745|NM_001408746|NM_001408744|NM_019819|NM_001408743	DUSP14		Up
208	210	Fga	2	marpiech_tissues_dex_2	ENSMUSG00000028001	ENSMUST00000166581|ENSMUST00000029630	NM_001111048|NM_010196			Up
209	211	Rep15	3	marpiech_tissues_dex_3	ENSMUSG00000040121	ENSMUST00000036194	NM_025620	REP15		Up
210	212	Sema7a	4	marpiech_tissues_dex_4	ENSMUSG00000038264	ENSMUST00000214314|ENSMUST00000043059	|NM_011352	SEMA7A		Up
211	213	Plk3	5	marpiech_tissues_dex_5	ENSMUSG00000028680	ENSMUST00000126135|ENSMUST00000076859|ENSMUST00000147730	|NM_001313916|NM_013807	PLK3		Up
212	214	Rap1gap	6	marpiech_tissues_dex_6	ENSMUSG00000041351	ENSMUST00000047243|ENSMUST00000152567|ENSMUST00000105835|ENSMUST00000097837|ENSMUST00000151601|ENSMUST00000131536|ENSMUST00000123134|ENSMUST00000141306|ENSMUST00000123011|ENSMUST00000144059|ENSMUST00000150928|ENSMUST00000148054|ENSMUST00000156683|ENSMUST00000139831	|NM_001379233|NM_001379236|NM_001081155|NM_001256218|NM_001379234|NM_001379235|NM_001331215|NM_029563	RAP1GAP		Up
213	215	Acss1	7	marpiech_tissues_dex_7	ENSMUSG00000027452	ENSMUST00000154328|ENSMUST00000028944|ENSMUST00000141500|ENSMUST00000147135|ENSMUST00000141785	|NM_080575	ACSS1		Up
214	216	Nuak1	8	marpiech_tissues_dex_8	ENSMUSG00000020032	ENSMUST00000129355|ENSMUST00000020220	|NM_001004363	NUAK1		Down
215	217	S1pr2	9	marpiech_tissues_dex_9	ENSMUSG00000043895	ENSMUST00000054197|ENSMUST00000214333|ENSMUST00000216499|ENSMUST00000214218	NM_010333|	S1PR2		Down
216	218	LOC624610	10	marpiech_tissues_dex_10						Up
217	219	Slc25a15	11	marpiech_tissues_dex_11	ENSMUSG00000031482	ENSMUST00000210020|ENSMUST00000033871	|NM_001358971|NM_181325	SLC25A15		Up
218	220	Rgs9	12	marpiech_tissues_dex_12	ENSMUSG00000020599	ENSMUST00000020920|ENSMUST00000106704|ENSMUST00000103062|ENSMUST00000106706|ENSMUST00000156785	|NM_011268|NM_001165934	RGS9		Up
219	221	Kcnk1	13	marpiech_tissues_dex_13	ENSMUSG00000033998	ENSMUST00000212831|ENSMUST00000046765	NM_008430|	KCNK1		Up
220	222	Kcnk5	14	marpiech_tissues_dex_14	ENSMUSG00000023243	ENSMUST00000024011|ENSMUST00000225552	|NM_021542	KCNK5		Up
221	223	Nes	15	marpiech_tissues_dex_15	ENSMUSG00000004891	ENSMUST00000160694|ENSMUST00000090973|ENSMUST00000159830	|NM_016701	NES		Up
222	224	Snta1	16	marpiech_tissues_dex_16	ENSMUSG00000027488	ENSMUST00000133018|ENSMUST00000109728|ENSMUST00000028991	|NM_009228	SNTA1		Up
223	225	Fam129b	1	marpiech_tissues_dex_1						Up
224	226	Egfl7	2	marpiech_tissues_dex_2	ENSMUSG00000026921	ENSMUST00000166920|ENSMUST00000139801|ENSMUST00000149789|ENSMUST00000238951|ENSMUST00000172683|ENSMUST00000239075|ENSMUST00000174572|ENSMUST00000152713|ENSMUST00000131112|ENSMUST00000238983|ENSMUST00000102907|ENSMUST00000147351|ENSMUST00000174211|ENSMUST00000173777|ENSMUST00000100290|ENSMUST00000152988|ENSMUST00000174656|ENSMUST00000149460|ENSMUST00000150404|ENSMUST00000173920|ENSMUST00000174465|ENSMUST00000145575	|NM_198724|NM_198725|NM_001164564|NM_178444	EGFL7		Down
225	227	Pcdh12	3	marpiech_tissues_dex_3	ENSMUSG00000024440	ENSMUST00000193123|ENSMUST00000194012|ENSMUST00000195747|ENSMUST00000025311	|NM_017378	PCDH12		Down
226	228	Doc2b	4	marpiech_tissues_dex_4	ENSMUSG00000020848	ENSMUST00000021209	NM_007873	DOC2B		Up
227	229	1700081H05Rik	5	marpiech_tissues_dex_5						Up
228	230	Pmaip1	6	marpiech_tissues_dex_6	ENSMUSG00000024521	ENSMUST00000237161|ENSMUST00000025399|ENSMUST00000236933	|NM_021451	PMAIP1		Up
229	231	4930544G21Rik	7	marpiech_tissues_dex_7						Up
230	232	Serpina3h	8	marpiech_tissues_dex_8	ENSMUSG00000041449	ENSMUST00000116393				Up
231	233	Pde4b	9	marpiech_tissues_dex_9	ENSMUSG00000028525	ENSMUST00000133632|ENSMUST00000174186|ENSMUST00000097949|ENSMUST00000172845|ENSMUST00000106908|ENSMUST00000106911|ENSMUST00000097950|ENSMUST00000106901|ENSMUST00000172616|ENSMUST00000106907|ENSMUST00000030251|ENSMUST00000173119|ENSMUST00000106904	|NM_019840|NM_001177981|NM_001177982|NM_001177980|NM_001374780|NM_001177983	PDE4B		Down
232	234	Mup3	10	marpiech_tissues_dex_10	ENSMUSG00000066154	ENSMUST00000107488|ENSMUST00000084531|ENSMUST00000107472	|NM_001039544			Up
233	235	LOC100047902	11	marpiech_tissues_dex_11						Up
234	236	Tmem100	12	marpiech_tissues_dex_12	ENSMUSG00000069763	ENSMUST00000092788	NM_026433	TMEM100		Up
235	237	Usp54	13	marpiech_tissues_dex_13	ENSMUSG00000034235	ENSMUST00000127342|ENSMUST00000123287|ENSMUST00000143267|ENSMUST00000035340|ENSMUST00000022356	|NM_030180|NM_001403078	USP54		Up
236	238	Zfp467	14	marpiech_tissues_dex_14	ENSMUSG00000068551	ENSMUST00000140198|ENSMUST00000114558|ENSMUST00000114560|ENSMUST00000114561|ENSMUST00000141449|ENSMUST00000101443|ENSMUST00000114564|ENSMUST00000114556|ENSMUST00000114563|ENSMUST00000114566|ENSMUST00000114559	|NM_001355747|NM_001355746|NM_001085417|NM_001085415|NM_020589|NM_001085416	ZNF467		Down
237	239	Cd274	15	marpiech_tissues_dex_15	ENSMUSG00000016496	ENSMUST00000016640	NM_021893	CD274		Down
238	240	Serpina1e	16	marpiech_tissues_dex_16	ENSMUSG00000072849	ENSMUST00000122229|ENSMUST00000085054	|NM_009247	SERPINA1		Up
239	241	Mdm1	1	marpiech_tissues_dex_1	ENSMUSG00000020212	ENSMUST00000217767|ENSMUST00000169817|ENSMUST00000219605|ENSMUST00000219087|ENSMUST00000218011|ENSMUST00000163238|ENSMUST00000020437|ENSMUST00000164077|ENSMUST00000218400|ENSMUST00000219827	|NM_001162904|NM_001162905|NM_148922|NM_010785	MDM1		Up
240	242	Aqp11	2	marpiech_tissues_dex_2	ENSMUSG00000042797	ENSMUST00000084986|ENSMUST00000205932|ENSMUST00000206389|ENSMUST00000205737|ENSMUST00000205784	|NM_175105	AQP11		Up
241	243	Tmc7	3	marpiech_tissues_dex_3	ENSMUSG00000042246	ENSMUST00000153635|ENSMUST00000139693|ENSMUST00000145989|ENSMUST00000044195	|NM_172476	TMC7		Up
242	244	Rprml	4	marpiech_tissues_dex_4	ENSMUSG00000046215	ENSMUST00000057870	NM_001033212	RPRML		Up
243	245	8430426J06Rik	5	marpiech_tissues_dex_5	ENSMUSG00000115970	ENSMUST00000230860|ENSMUST00000229383|ENSMUST00000230042|ENSMUST00000229855				Up
244	246	Etl4	6	marpiech_tissues_dex_6	ENSMUSG00000036617	ENSMUST00000045555|ENSMUST00000146613|ENSMUST00000136870|ENSMUST00000114608|ENSMUST00000156587|ENSMUST00000129278|ENSMUST00000146488|ENSMUST00000146881|ENSMUST00000114627|ENSMUST00000114610|ENSMUST00000114604|ENSMUST00000123383|ENSMUST00000125556|ENSMUST00000125772|ENSMUST00000066509|ENSMUST00000131714|ENSMUST00000114607|ENSMUST00000238889|ENSMUST00000139531|ENSMUST00000114614|ENSMUST00000114606	|NM_029895|NM_001177631|NM_001081006|NM_178059|NM_001369134|NM_001177630	KIAA1217		Down
245	247	Mllt4	7	marpiech_tissues_dex_7						Down
246	248	Ambp	8	marpiech_tissues_dex_8	ENSMUSG00000028356	ENSMUST00000142901|ENSMUST00000030041	|NM_007443	AMBP		Up
247	249	Lrrc16	9	marpiech_tissues_dex_9						Up
248	250	Grasp	10	marpiech_tissues_dex_10						Up
249	251	Cpeb2	11	marpiech_tissues_dex_11	ENSMUSG00000039782	ENSMUST00000169035|ENSMUST00000114065|ENSMUST00000166713|ENSMUST00000114066|ENSMUST00000127599|ENSMUST00000198754|ENSMUST00000200685	NM_001177379||NM_001368805|NM_001368806|NM_001368807|NM_175937	CPEB2		Up
250	252	Slc10a6	12	marpiech_tissues_dex_12	ENSMUSG00000029321	ENSMUST00000031263	NM_029415	SLC10A6		Up
251	253	LOC665946	13	marpiech_tissues_dex_13						Down
252	254	Apol10b	14	marpiech_tissues_dex_14	ENSMUSG00000050014	ENSMUST00000089465	NM_177820	APOL3		Down
253	255	Klk1b16	15	marpiech_tissues_dex_15	ENSMUSG00000038968	ENSMUST00000005933	NM_008454	KLK3		Up
254	256	Plekhh1	16	marpiech_tissues_dex_16	ENSMUSG00000060716	ENSMUST00000039928|ENSMUST00000217954|ENSMUST00000219956|ENSMUST00000219946	|NM_181073	PLEKHH1		Up
255	257	Sox17	1	marpiech_tissues_dex_1	ENSMUSG00000025902	ENSMUST00000191939|ENSMUST00000192505|ENSMUST00000192650|ENSMUST00000027035|ENSMUST00000191647|ENSMUST00000195555|ENSMUST00000192913|ENSMUST00000116652	|NM_001289466|NM_011441|NM_001289465|NM_001289464|NM_001289467	SOX17		Up
256	258	Hmga2-ps1	2	marpiech_tissues_dex_2						Down
257	259	Fgf7	3	marpiech_tissues_dex_3	ENSMUSG00000027208	ENSMUST00000064794|ENSMUST00000110442|ENSMUST00000138576	|NM_008008	FGF7		Down
258	260	Serpina3n	4	marpiech_tissues_dex_4	ENSMUSG00000021091	ENSMUST00000021506	NM_009252	SERPINA3		Up
259	261	Arrdc2	5	marpiech_tissues_dex_5	ENSMUSG00000002910	ENSMUST00000212898|ENSMUST00000212508|ENSMUST00000212855|ENSMUST00000212770|ENSMUST00000213095|ENSMUST00000002989|ENSMUST00000212405	|NM_027560	ARRDC2		Up
260	262	Chst3	6	marpiech_tissues_dex_6	ENSMUSG00000057337	ENSMUST00000167915|ENSMUST00000068690	|NM_001407025|NM_016803	CHST3		Up
261	263	Klrg2	7	marpiech_tissues_dex_7	ENSMUSG00000071537	ENSMUST00000096030|ENSMUST00000201345|ENSMUST00000202245	|NM_001033171	KLRG2		Up
262	264	Map3k6	8	marpiech_tissues_dex_8	ENSMUSG00000028862	ENSMUST00000123612|ENSMUST00000127681|ENSMUST00000134895|ENSMUST00000030677	|NM_016693	MAP3K6		Up
263	265	Kcnj8	9	marpiech_tissues_dex_9	ENSMUSG00000030247	ENSMUST00000203945|ENSMUST00000032374	NM_001330363|NM_001330366|NM_008428	KCNJ8		Down
264	266	Sema6a	10	marpiech_tissues_dex_10	ENSMUSG00000019647	ENSMUST00000123228|ENSMUST00000126684|ENSMUST00000076043|ENSMUST00000151382|ENSMUST00000156422|ENSMUST00000144223|ENSMUST00000115449|ENSMUST00000135790|ENSMUST00000141224|ENSMUST00000019791	|NM_001311097|NM_018744	SEMA6A		Down
265	267	Lrg1	11	marpiech_tissues_dex_11	ENSMUSG00000037095	ENSMUST00000041357	NM_029796	LRG1		Up
266	268	Tab3	12	marpiech_tissues_dex_12	ENSMUSG00000035476	ENSMUST00000137438|ENSMUST00000152880|ENSMUST00000146063|ENSMUST00000048250	|NM_025729|NM_001358447	TAB3		Up
267	269	Mthfd2	13	marpiech_tissues_dex_13	ENSMUSG00000005667	ENSMUST00000204472|ENSMUST00000005810|ENSMUST00000203375|ENSMUST00000139802|ENSMUST00000141193|ENSMUST00000203847|ENSMUST00000141044	|NM_008638	MTHFD2		Up
268	270	Slc40a1	14	marpiech_tissues_dex_14	ENSMUSG00000025993	ENSMUST00000186804|ENSMUST00000187420|ENSMUST00000191247|ENSMUST00000187406|ENSMUST00000186755|ENSMUST00000186822|ENSMUST00000027137|ENSMUST00000188252	|NM_016917	SLC40A1		Down
269	271	Mrgprf	15	marpiech_tissues_dex_15	ENSMUSG00000031070	ENSMUST00000033386|ENSMUST00000117718	|NM_145379	MRGPRF		Down
270	272	Angptl4	16	marpiech_tissues_dex_16	ENSMUSG00000002289	ENSMUST00000174858|ENSMUST00000174872|ENSMUST00000173869|ENSMUST00000002360	|NM_020581	ANGPTL4		Up
271	273	Cebpb	1	marpiech_tissues_dex_1	ENSMUSG00000056501	ENSMUST00000070642	NM_001287738|NM_009883|NM_001287739	CEBPB		Up
272	274	Ptpn22	2	marpiech_tissues_dex_2	ENSMUSG00000027843	ENSMUST00000198530|ENSMUST00000126548|ENSMUST00000134373|ENSMUST00000197997|ENSMUST00000198701|ENSMUST00000146071|ENSMUST00000196385|ENSMUST00000029433	|NM_008979|NM_001409795	PTPN22		Up
273	275	Slc7a8	3	marpiech_tissues_dex_3	ENSMUSG00000022180	ENSMUST00000226646|ENSMUST00000022787	|NM_016972	SLC7A8		Up
274	276	Ciita	4	marpiech_tissues_dex_4	ENSMUSG00000022504	ENSMUST00000230450|ENSMUST00000229906|ENSMUST00000230533|ENSMUST00000230395|ENSMUST00000230392|ENSMUST00000230146|ENSMUST00000230892|ENSMUST00000023147	NM_001243760||NM_007575|NM_001302619|NM_001302618|NM_001243761	CIITA		Down
275	277	BC020108	5	marpiech_tissues_dex_5						Down
276	278	Plin4	6	marpiech_tissues_dex_6	ENSMUSG00000002831	ENSMUST00000190703|ENSMUST00000002908|ENSMUST00000238734	|NM_001410173|NM_001410174|NM_020568|NM_001410163|NM_001372234	PLIN4		Up
277	279	Zfp36	7	marpiech_tissues_dex_7	ENSMUSG00000044786	ENSMUST00000209061|ENSMUST00000051241	|NM_011756	ZFP36		Up
278	280	Klhl6	8	marpiech_tissues_dex_8	ENSMUSG00000043008	ENSMUST00000165530|ENSMUST00000171910|ENSMUST00000058839|ENSMUST00000166801	|NM_183390	KLHL6		Up
279	281	Mt2	9	marpiech_tissues_dex_9	ENSMUSG00000031762	ENSMUST00000034214|ENSMUST00000212806	NM_008630|			Up
280	282	Sesn1	10	marpiech_tissues_dex_10	ENSMUSG00000038332	ENSMUST00000214835|ENSMUST00000099931|ENSMUST00000041438	|NM_001013370|NM_001162908	SESN1		Up
281	283	2010016I18Rik	11	marpiech_tissues_dex_11	ENSMUSG00000091575	ENSMUST00000189683|ENSMUST00000191570|ENSMUST00000164330|ENSMUST00000190356|ENSMUST00000187757				Down
282	284	Sgk1	12	marpiech_tissues_dex_12	ENSMUSG00000019970	ENSMUST00000143094|ENSMUST00000150089|ENSMUST00000126560|ENSMUST00000124350|ENSMUST00000124203|ENSMUST00000100036|ENSMUST00000142174|ENSMUST00000020145|ENSMUST00000141218|ENSMUST00000092673|ENSMUST00000120509|ENSMUST00000164659|ENSMUST00000135195	|NM_001161848|NM_011361|NM_001161847|NM_001161850|NM_001161849|NM_001161845	SGK1		Up
283	285	Ankrd2	13	marpiech_tissues_dex_13	ENSMUSG00000025172	ENSMUST00000238137|ENSMUST00000026172	|NM_020033	ANKRD2		Up
284	286	Tob2	14	marpiech_tissues_dex_14	ENSMUSG00000048546	ENSMUST00000230448|ENSMUST00000229500|ENSMUST00000231000|ENSMUST00000050467	|NM_020507	TOB2		Up
285	287	Setdb2	15	marpiech_tissues_dex_15	ENSMUSG00000071350	ENSMUST00000159640|ENSMUST00000161459|ENSMUST00000095775|ENSMUST00000111253|ENSMUST00000160904	|NM_001320720|NM_001320721	SETDB2		Up
286	288	Dusp4	16	marpiech_tissues_dex_16	ENSMUSG00000031530	ENSMUST00000033930	NM_176933	DUSP4		Down
287	289	2410002F23Rik	1	marpiech_tissues_dex_1	ENSMUSG00000045411	ENSMUST00000191537|ENSMUST00000136210|ENSMUST00000187524|ENSMUST00000107949|ENSMUST00000188382|ENSMUST00000188476|ENSMUST00000144905|ENSMUST00000185481|ENSMUST00000055858|ENSMUST00000188111|ENSMUST00000107950|ENSMUST00000146155|ENSMUST00000186606|ENSMUST00000084937|ENSMUST00000137702|ENSMUST00000107948|ENSMUST00000138978|ENSMUST00000071296|ENSMUST00000145653|ENSMUST00000187581	|NM_025880			Up
288	290	Cab39l	2	marpiech_tissues_dex_2	ENSMUSG00000021981	ENSMUST00000225149|ENSMUST00000225595|ENSMUST00000223678|ENSMUST00000224281|ENSMUST00000022553|ENSMUST00000224893	|NM_001360593|NM_001360591|NM_026908|NM_001360592	CAB39L		Up
289	291	Gnmt	3	marpiech_tissues_dex_3	ENSMUSG00000002769	ENSMUST00000147112|ENSMUST00000002846|ENSMUST00000233086	|NM_001364890|NM_010321	GNMT		Up
290	292	Serpinf1	4	marpiech_tissues_dex_4	ENSMUSG00000000753	ENSMUST00000168902|ENSMUST00000167281|ENSMUST00000138661|ENSMUST00000137103|ENSMUST00000125982|ENSMUST00000000769|ENSMUST00000155009|ENSMUST00000139403	|NM_011340	SERPINF1		Up
291	293	Ppp1r3b	5	marpiech_tissues_dex_5	ENSMUSG00000046794	ENSMUST00000211648|ENSMUST00000210337|ENSMUST00000070481|ENSMUST00000211472	|NM_001364452|NM_001364451|NM_001364450|NM_177741	PPP1R3B		Up
292	294	Meox2	6	marpiech_tissues_dex_6	ENSMUSG00000036144	ENSMUST00000041183	NM_008584	MEOX2		Down
293	295	Ccng1	7	marpiech_tissues_dex_7	ENSMUSG00000020326	ENSMUST00000151359|ENSMUST00000020576	|NM_009831	CCNG1		Up
294	296	Aox3	8	marpiech_tissues_dex_8	ENSMUSG00000064294	ENSMUST00000161549|ENSMUST00000162011|ENSMUST00000159014|ENSMUST00000040999|ENSMUST00000160815	|NM_023617			Up
295	297	Sdc4	9	marpiech_tissues_dex_9	ENSMUSG00000017009	ENSMUST00000017153|ENSMUST00000142909	|NM_011521	SDC4		Up
296	298	Fam107a	10	marpiech_tissues_dex_10	ENSMUSG00000021750	ENSMUST00000036070|ENSMUST00000120411|ENSMUST00000137133|ENSMUST00000121887	|NM_001360339|NM_001360338|NM_001360337|NM_183187	FAM107A		Up
297	299	Il33	11	marpiech_tissues_dex_11	ENSMUSG00000024810	ENSMUST00000120388|ENSMUST00000025724|ENSMUST00000144528|ENSMUST00000136850|ENSMUST00000177518	|NM_001360725|NM_001164724|NM_133775	IL33		Down
298	300	Wbp1l	12	marpiech_tissues_dex_12	ENSMUSG00000047731	ENSMUST00000175937|ENSMUST00000132202|ENSMUST00000111855|ENSMUST00000099376|ENSMUST00000156649|ENSMUST00000138302	|NM_001177812|NM_001177813|NM_146099	WBP1L		Up
299	301	Nt5e	13	marpiech_tissues_dex_13	ENSMUSG00000032420	ENSMUST00000187166|ENSMUST00000034992|ENSMUST00000186789|ENSMUST00000217134	|NM_011851	NT5E		Up
300	302	Csrnp1	14	marpiech_tissues_dex_14	ENSMUSG00000032515	ENSMUST00000216929|ENSMUST00000035101|ENSMUST00000213936|ENSMUST00000215916|ENSMUST00000214058	|NM_001357561|NM_001357560|NM_001357562|NM_153287	CSRNP1		Up
301	303	Urah	15	marpiech_tissues_dex_15	ENSMUSG00000025481	ENSMUST00000106050|ENSMUST00000209978|ENSMUST00000127986|ENSMUST00000185612|ENSMUST00000210916|ENSMUST00000026554|ENSMUST00000211372	NM_029821||NM_001347605|NM_001359805	URAD		Up
302	304	Fos	16	marpiech_tissues_dex_16	ENSMUSG00000021250	ENSMUST00000140525|ENSMUST00000134311|ENSMUST00000136122|ENSMUST00000021674	|NM_010234	FOS		Up
303	305	Fam117b	1	marpiech_tissues_dex_1	ENSMUSG00000041040	ENSMUST00000151630|ENSMUST00000036540|ENSMUST00000189790	|NM_001037725	FAM117B		Up
304	306	Cd52	2	marpiech_tissues_dex_2	ENSMUSG00000000682	ENSMUST00000145122|ENSMUST00000137445|ENSMUST00000000696	|NM_013706	CD52		Down
305	307	1700109H08Rik	3	marpiech_tissues_dex_3	ENSMUSG00000008307	ENSMUST00000125740|ENSMUST00000008451|ENSMUST00000198134|ENSMUST00000147801|ENSMUST00000156973	|NM_029843			Up
306	308	Ppfibp1	4	marpiech_tissues_dex_4	ENSMUSG00000016487	ENSMUST00000154221|ENSMUST00000016631|ENSMUST00000111623|ENSMUST00000126774|ENSMUST00000204660|ENSMUST00000149203|ENSMUST00000155415|ENSMUST00000123902|ENSMUST00000203730|ENSMUST00000204028|ENSMUST00000133825|ENSMUST00000136837	|NM_001355728|NM_001355729|NM_026221|NM_001170433	PPFIBP1		Up
307	309	Spsb1	5	marpiech_tissues_dex_5	ENSMUSG00000039911	ENSMUST00000125135|ENSMUST00000167342|ENSMUST00000149743|ENSMUST00000105684|ENSMUST00000105685|ENSMUST00000156451|ENSMUST00000135896|ENSMUST00000149360|ENSMUST00000156897|ENSMUST00000038562	|NM_029035	SPSB1		Up
308	310	Itih4	6	marpiech_tissues_dex_6	ENSMUSG00000021922	ENSMUST00000078490|ENSMUST00000227899|ENSMUST00000120269|ENSMUST00000006703|ENSMUST00000168782	|NM_001289632|NM_018746|NM_001289633|NM_001159299	ITIH4		Up
309	311	Gramd1b	7	marpiech_tissues_dex_7	ENSMUSG00000040111	ENSMUST00000239052|ENSMUST00000121357|ENSMUST00000150977|ENSMUST00000137189|ENSMUST00000118159|ENSMUST00000045682|ENSMUST00000153029|ENSMUST00000148170|ENSMUST00000129940|ENSMUST00000165104|ENSMUST00000216821|ENSMUST00000155265|ENSMUST00000137454|ENSMUST00000211853|ENSMUST00000119373	|NM_001357617|NM_172768|NM_001357619|NM_001357620|NM_001357622|NM_001357618|NM_001357623|NM_001357621	GRAMD1B		Up
310	312	Rasgrp3	8	marpiech_tissues_dex_8	ENSMUSG00000071042	ENSMUST00000235103|ENSMUST00000164192|ENSMUST00000234644|ENSMUST00000095204|ENSMUST00000234640|ENSMUST00000234660|ENSMUST00000234011	|NM_207246|NM_001166493|NM_001360103	RASGRP3		Down
311	313	Hspb8	9	marpiech_tissues_dex_9	ENSMUSG00000041548	ENSMUST00000133335|ENSMUST00000036991	|NM_030704	HSPB8		Up
312	314	Tsc22d1	10	marpiech_tissues_dex_10	ENSMUSG00000022010	ENSMUST00000142683|ENSMUST00000175655|ENSMUST00000177333|ENSMUST00000177207|ENSMUST00000110888|ENSMUST00000175984|ENSMUST00000177471|ENSMUST00000140251|ENSMUST00000101618|ENSMUST00000022587|ENSMUST00000134109|ENSMUST00000176886|ENSMUST00000175811|ENSMUST00000176581|ENSMUST00000133224|ENSMUST00000048371	|NM_001310647|NM_009366|NM_207652|NM_001177751|NM_001310646	TSC22D1		Up
313	315	Hp	11	marpiech_tissues_dex_11	ENSMUSG00000031722	ENSMUST00000212918|ENSMUST00000212018|ENSMUST00000074898	|NM_017370|NM_001329965	HPR		Up
314	316	Apbb3	12	marpiech_tissues_dex_12	ENSMUSG00000117679	ENSMUST00000237795|ENSMUST00000237073|ENSMUST00000235798|ENSMUST00000237679|ENSMUST00000236001|ENSMUST00000237965|ENSMUST00000237354|ENSMUST00000238072|ENSMUST00000237972|ENSMUST00000001415|ENSMUST00000238112|ENSMUST00000235552	|NM_001357512|NM_146085	APBB3		Up
315	317	Ms4a6d	13	marpiech_tissues_dex_13	ENSMUSG00000024679	ENSMUST00000155669|ENSMUST00000125291|ENSMUST00000025582|ENSMUST00000135351	|NM_026835	MS4A6E		Up
316	318	4632428N05Rik	14	marpiech_tissues_dex_14						Down
317	319	Arg2	15	marpiech_tissues_dex_15	ENSMUSG00000021125	ENSMUST00000021550	NM_009705	ARG2		Up
318	320	Usp2	16	marpiech_tissues_dex_16	ENSMUSG00000032010	ENSMUST00000176022|ENSMUST00000176416|ENSMUST00000065461|ENSMUST00000175816|ENSMUST00000177054|ENSMUST00000034508|ENSMUST00000177422|ENSMUST00000176671|ENSMUST00000114830	|NM_001407818|NM_198092|NM_016808|NM_001407821|NM_198091|NM_001407819|NM_001407820|NM_001407822	USP2		Up
319	321	Clec7a	1	marpiech_tissues_dex_1	ENSMUSG00000079293	ENSMUST00000195589|ENSMUST00000184581|ENSMUST00000184861	|NM_001309637	CLEC7A		Down
320	322	Alas1	2	marpiech_tissues_dex_2	ENSMUSG00000032786	ENSMUST00000143125|ENSMUST00000214249|ENSMUST00000214989|ENSMUST00000133617|ENSMUST00000219129|ENSMUST00000134053|ENSMUST00000219340|ENSMUST00000141118|ENSMUST00000123115|ENSMUST00000123601|ENSMUST00000074082|ENSMUST00000112524|ENSMUST00000215222	|NM_020559|NM_001291835	ALAS1		Up
321	323	Egfbp2	3	marpiech_tissues_dex_3						Up
322	324	Slc45a3	4	marpiech_tissues_dex_4	ENSMUSG00000026435	ENSMUST00000190322|ENSMUST00000027695|ENSMUST00000185387|ENSMUST00000177943	NM_145977||NM_001177628	SLC45A3		Up
323	325	Sphk1	5	marpiech_tissues_dex_5	ENSMUSG00000061878	ENSMUST00000138840|ENSMUST00000106388|ENSMUST00000150658|ENSMUST00000136526|ENSMUST00000106386|ENSMUST00000141798|ENSMUST00000100201|ENSMUST00000239437|ENSMUST00000063446|ENSMUST00000063396|ENSMUST00000106387|ENSMUST00000148185|ENSMUST00000145737|ENSMUST00000124682|ENSMUST00000154034|ENSMUST00000155102|ENSMUST00000134834	|NM_001372489|NM_001372488|NM_001172475|NM_001372484|NM_001172473|NM_001372486|NM_001172472|NM_025367|NM_001372487|NM_001372485	SPHK1		Up
324	326	Dusp1	6	marpiech_tissues_dex_6	ENSMUSG00000024190	ENSMUST00000235532|ENSMUST00000011196|ENSMUST00000236661|ENSMUST00000025025|ENSMUST00000126178|ENSMUST00000146077	|NM_013642	DUSP1		Up
325	327	Il1b	7	marpiech_tissues_dex_7	ENSMUSG00000027398	ENSMUST00000141979|ENSMUST00000028881|ENSMUST00000155994	|NM_008361	IL1B		Down
326	328	Snx10	8	marpiech_tissues_dex_8	ENSMUSG00000038301	ENSMUST00000149024|ENSMUST00000137212|ENSMUST00000140560|ENSMUST00000049152|ENSMUST00000114439|ENSMUST00000179365|ENSMUST00000155724	|NM_001361578|NM_001127349|NM_001361580|NM_001361582|NM_001361581|NM_001361576|NM_001361579|NM_028035|NM_001361577|NM_001127348	SNX10		Up
327	329	Ccl17	9	marpiech_tissues_dex_9	ENSMUSG00000031780	ENSMUST00000034232	NM_011332	CCL17		Up
328	330	Lpin1	10	marpiech_tissues_dex_10	ENSMUSG00000020593	ENSMUST00000222989|ENSMUST00000111067|ENSMUST00000221789|ENSMUST00000221297|ENSMUST00000223129|ENSMUST00000221230|ENSMUST00000239165|ENSMUST00000067124|ENSMUST00000221146|ENSMUST00000238839	|NM_172950|NM_001355598|NM_015763|NM_001130412	LPIN1		Up
329	331	Gls2	11	marpiech_tissues_dex_11	ENSMUSG00000044005	ENSMUST00000143827|ENSMUST00000134104|ENSMUST00000145591|ENSMUST00000135441|ENSMUST00000123291|ENSMUST00000134461|ENSMUST00000123385|ENSMUST00000152928|ENSMUST00000159440|ENSMUST00000132441|ENSMUST00000044776	NM_001285779||NM_001033264|NM_001285777	GLS2		Up
330	332	Rasgrp1	12	marpiech_tissues_dex_12	ENSMUSG00000027347	ENSMUST00000102534|ENSMUST00000110898|ENSMUST00000174770|ENSMUST00000173252|ENSMUST00000178884|ENSMUST00000173541|ENSMUST00000172901	|NM_011246	RASGRP1		Down
331	333	Cdkal1	13	marpiech_tissues_dex_13	ENSMUSG00000006191	ENSMUST00000154209|ENSMUST00000124532|ENSMUST00000110323|ENSMUST00000123641|ENSMUST00000006353|ENSMUST00000091674|ENSMUST00000140278|ENSMUST00000129231|ENSMUST00000153086|ENSMUST00000137225|ENSMUST00000131792	|NM_144536|NM_001308486	CDKAL1		Up
332	334	Slc25a32	14	marpiech_tissues_dex_14	ENSMUSG00000022299	ENSMUST00000022908|ENSMUST00000226144|ENSMUST00000228160|ENSMUST00000227323	|NM_172402	SLC25A32		Up
333	335	4930502E18Rik	15	marpiech_tissues_dex_15						Up
334	336	Nfil3	16	marpiech_tissues_dex_16	ENSMUSG00000056749	ENSMUST00000071065	NM_017373	NFIL3		Up
335	337	Ddit4	1	marpiech_tissues_dex_1	ENSMUSG00000020108	ENSMUST00000020308	NM_029083	DDIT4		Up
336	338	Esm1	2	marpiech_tissues_dex_2	ENSMUSG00000042379	ENSMUST00000038144	NM_023612	ESM1		Down
337	339	Tsku	3	marpiech_tissues_dex_3	ENSMUSG00000049580	ENSMUST00000164726|ENSMUST00000165257|ENSMUST00000179780|ENSMUST00000206414|ENSMUST00000165901|ENSMUST00000167405|ENSMUST00000206770|ENSMUST00000094161	|NM_001168540|NM_001168541|NM_001168539|NM_001024619	TSKU		Up
338	340	Rapgef4	4	marpiech_tissues_dex_4	ENSMUSG00000049044	ENSMUST00000102698|ENSMUST00000150234|ENSMUST00000156031|ENSMUST00000090826|ENSMUST00000124004|ENSMUST00000122975|ENSMUST00000153887|ENSMUST00000028525|ENSMUST00000146970|ENSMUST00000151236|ENSMUST00000149421	|NM_001355478|NM_001204166|NM_001204167|NM_001204165|NM_019688	RAPGEF4		Up
339	341	Gadd45g	5	marpiech_tissues_dex_5	ENSMUSG00000021453	ENSMUST00000132480|ENSMUST00000021903	|NM_011817	GADD45G		Up
340	342	Tsc22d3	6	marpiech_tissues_dex_6	ENSMUSG00000031431	ENSMUST00000112995|ENSMUST00000133023|ENSMUST00000055738|ENSMUST00000123898|ENSMUST00000152048|ENSMUST00000112996	|NM_010286|NM_001077364	TSC22D3		Up
341	343	Ccl4	7	marpiech_tissues_dex_7	ENSMUSG00000018930	ENSMUST00000019074	NM_013652	CCL4L2		Down
342	344	Pim3	8	marpiech_tissues_dex_8	ENSMUSG00000035828	ENSMUST00000229969|ENSMUST00000042818	|NM_145478	PIM3		Up
343	345	Bcl2l1	9	marpiech_tissues_dex_9	ENSMUSG00000007659	ENSMUST00000134357|ENSMUST00000140436|ENSMUST00000146380|ENSMUST00000173755|ENSMUST00000156688|ENSMUST00000109820|ENSMUST00000128172|ENSMUST00000134902|ENSMUST00000007803	|NM_001289717|NM_001289716|NM_009743|NM_001355053	BCL2L1		Up
344	346	3110040M04Rik	10	marpiech_tissues_dex_10	ENSMUSG00000114582	ENSMUST00000224012	NM_001372355			Up
345	347	Lbh	11	marpiech_tissues_dex_11	ENSMUSG00000024063	ENSMUST00000024857|ENSMUST00000148556	|NM_029999	LBH		Down
346	348	Eppk1	12	marpiech_tissues_dex_12	ENSMUSG00000118671	ENSMUST00000239552		EPPK1		Up
347	349	Nans	13	marpiech_tissues_dex_13	ENSMUSG00000028334	ENSMUST00000150584|ENSMUST00000132345|ENSMUST00000030018|ENSMUST00000137874	|NM_053179	NANS		Up
348	350	Aff1	14	marpiech_tissues_dex_14	ENSMUSG00000029313	ENSMUST00000126335|ENSMUST00000031256|ENSMUST00000054979|ENSMUST00000153165|ENSMUST00000152145	|NM_133919|NM_001080798|NM_001408251	AFF1		Up
349	351	Hif3a	15	marpiech_tissues_dex_15	ENSMUSG00000004328	ENSMUST00000108492|ENSMUST00000139224|ENSMUST00000037762|ENSMUST00000153833	|NM_016868|NM_001162950	HIF3A		Up
350	352	Mmp13	16	marpiech_tissues_dex_16	ENSMUSG00000050578	ENSMUST00000015394	NM_008607	MMP13		Down
351	353	D14Ertd668e	1	marpiech_tissues_dex_1						Up
352	354	Acot11	2	marpiech_tissues_dex_2	ENSMUSG00000034853	ENSMUST00000156567|ENSMUST00000140541|ENSMUST00000144809|ENSMUST00000065253|ENSMUST00000145061|ENSMUST00000148688|ENSMUST00000102762	NM_025590||NM_001347159	ACOT11		Up
353	355	Errfi1	3	marpiech_tissues_dex_3	ENSMUSG00000028967	ENSMUST00000128640|ENSMUST00000030811|ENSMUST00000073600	NM_001356323||NM_133753	ERRFI1		Up
354	356	Asb2	4	marpiech_tissues_dex_4	ENSMUSG00000021200	ENSMUST00000021617|ENSMUST00000135694|ENSMUST00000149431|ENSMUST00000127447	|NM_001374764|NM_023049	ASB2		Down
355	357	Lrig1	5	marpiech_tissues_dex_5	ENSMUSG00000030029	ENSMUST00000204645|ENSMUST00000124165|ENSMUST00000150811|ENSMUST00000203876|ENSMUST00000141014|ENSMUST00000032105|ENSMUST00000101126	|NM_001355269|NM_008377	LRIG1		Up
356	358	Stim1	6	marpiech_tissues_dex_6	ENSMUSG00000030987	ENSMUST00000210761|ENSMUST00000210544|ENSMUST00000211457|ENSMUST00000211141|ENSMUST00000033289|ENSMUST00000209255|ENSMUST00000211058|ENSMUST00000210834|ENSMUST00000210266	|NM_001374058|NM_001374060|NM_009287|NM_001400557	STIM1		Up
357	359	Fkbp5	7	marpiech_tissues_dex_7	ENSMUSG00000024222	ENSMUST00000233747|ENSMUST00000153744|ENSMUST00000233307|ENSMUST00000177939|ENSMUST00000233372|ENSMUST00000233102|ENSMUST00000233917|ENSMUST00000079413|ENSMUST00000143685|ENSMUST00000232690|ENSMUST00000147716|ENSMUST00000233870|ENSMUST00000114792|ENSMUST00000233291|ENSMUST00000232939	NM_010220|	FKBP5		Up
358	360	Lmo2	8	marpiech_tissues_dex_8	ENSMUSG00000032698	ENSMUST00000111139|ENSMUST00000156813|ENSMUST00000111140|ENSMUST00000133210|ENSMUST00000123437|ENSMUST00000111143|ENSMUST00000170926|ENSMUST00000138815	|NM_001142335|NM_001142336|NM_001142337|NM_008505	LMO2		Down
359	361	Npm3	9	marpiech_tissues_dex_9	ENSMUSG00000056209	ENSMUST00000144165|ENSMUST00000070215	|NM_008723	NPM3		Up
360	362	Sgtb	10	marpiech_tissues_dex_10	ENSMUSG00000042743	ENSMUST00000159574|ENSMUST00000044385|ENSMUST00000160322	|NM_144838|NM_001361054	SGTB		Up
361	363	A530026G17	11	marpiech_tissues_dex_11						Up
362	364	Dapk2	12	marpiech_tissues_dex_12	ENSMUSG00000032380	ENSMUST00000034944|ENSMUST00000238682|ENSMUST00000129778|ENSMUST00000129442|ENSMUST00000132987	|NM_010019	DAPK2		Down
363	365	Npm3-ps1	13	marpiech_tissues_dex_13	ENSMUSG00000081669	ENSMUST00000119728				Up
364	366	Tmem252	14	marpiech_tissues_dex_14	ENSMUSG00000048572	ENSMUST00000057243	NM_183160	TMEM252		Up
365	367	Zbtb16	15	marpiech_tissues_dex_15	ENSMUSG00000066687	ENSMUST00000093852|ENSMUST00000216150	NM_001364543|NM_001033324	ZBTB16		Up
366	368	Cxcl10	16	marpiech_tissues_dex_16	ENSMUSG00000034855	ENSMUST00000118006|ENSMUST00000201176|ENSMUST00000038816|ENSMUST00000138169	|NM_021274	CXCL10		Down
367	369	Smox	1	marpiech_tissues_dex_1	ENSMUSG00000027333	ENSMUST00000110182|ENSMUST00000110180|ENSMUST00000183947|ENSMUST00000028806|ENSMUST00000183575|ENSMUST00000110186|ENSMUST00000110188|ENSMUST00000110189|ENSMUST00000151143|ENSMUST00000149180|ENSMUST00000183881|ENSMUST00000151627|ENSMUST00000110183|ENSMUST00000110181|ENSMUST00000110179|ENSMUST00000131698|ENSMUST00000129143	|NM_145533|NM_001177833|NM_001177838|NM_001177835|NM_001177836|NM_001177840|NM_001177837|NM_001177834|NM_001177839	SMOX		Up
368	370	Angptl7	2	marpiech_tissues_dex_2	ENSMUSG00000028989	ENSMUST00000030840	NM_001039554	ANGPTL7		Up
369	371	Arl4a	3	marpiech_tissues_dex_3	ENSMUSG00000047446	ENSMUST00000146905|ENSMUST00000138572|ENSMUST00000144910|ENSMUST00000136441|ENSMUST00000101472	|NM_001039515|NM_007487	ARL4A		Up
370	372	Apol7c	4	marpiech_tissues_dex_4	ENSMUSG00000044309	ENSMUST00000062562|ENSMUST00000230863	|NM_175391			Down
371	373	Gm8221	5	marpiech_tissues_dex_5	ENSMUSG00000095704	ENSMUST00000178052				Down
372	374	Ppp2r3a	6	marpiech_tissues_dex_6	ENSMUSG00000043154	ENSMUST00000191226|ENSMUST00000185735|ENSMUST00000185887|ENSMUST00000185719|ENSMUST00000075941|ENSMUST00000066773|ENSMUST00000188612	|NM_172144|NM_001161362	PPP2R3A		Up
373	375	Susd3	7	marpiech_tissues_dex_7	ENSMUSG00000021384	ENSMUST00000119721|ENSMUST00000141408|ENSMUST00000131880|ENSMUST00000021816|ENSMUST00000058196|ENSMUST00000135784	|NM_001360772|NM_025491|NM_028340	SUSD3		Up
374	376	Net1	8	marpiech_tissues_dex_8	ENSMUSG00000021215	ENSMUST00000220887|ENSMUST00000091853|ENSMUST00000099946|ENSMUST00000222504|ENSMUST00000222017|ENSMUST00000223258|ENSMUST00000222442	|NM_001047159|NM_019671	NET1		Up
375	377	Ifit3	9	marpiech_tissues_dex_9	ENSMUSG00000074896	ENSMUST00000102825	NM_010501	IFIT3		Down
376	378	Tns1	10	marpiech_tissues_dex_10	ENSMUSG00000055322	ENSMUST00000185331|ENSMUST00000186381|ENSMUST00000187281|ENSMUST00000189571|ENSMUST00000169786|ENSMUST00000188436|ENSMUST00000188208|ENSMUST00000185529|ENSMUST00000189228|ENSMUST00000185264|ENSMUST00000191104|ENSMUST00000239451|ENSMUST00000212888|ENSMUST00000187584|ENSMUST00000190599|ENSMUST00000191527|ENSMUST00000185702|ENSMUST00000187691|ENSMUST00000188942|ENSMUST00000191204|ENSMUST00000191367|ENSMUST00000191264|ENSMUST00000190389	|NM_027884|NM_001289895	TNS1		Up
377	379	Mfsd2a	11	marpiech_tissues_dex_11	ENSMUSG00000028655	ENSMUST00000138964|ENSMUST00000030408|ENSMUST00000152308|ENSMUST00000127047	|NM_029662	MFSD2A		Up
378	380	Tmcc3	12	marpiech_tissues_dex_12	ENSMUSG00000020023	ENSMUST00000147869|ENSMUST00000121471|ENSMUST00000117929|ENSMUST00000139230|ENSMUST00000148910|ENSMUST00000065060|ENSMUST00000132743|ENSMUST00000117460|ENSMUST00000148823	|NM_001168684|NM_172051|NM_001359761|NM_001359760|NM_001359762|NM_177026	TMCC3		Up
379	381	Ripk4	13	marpiech_tissues_dex_13	ENSMUSG00000005251	ENSMUST00000019386	NM_023663	RIPK4		Up
380	382	AI504432	14	marpiech_tissues_dex_14	ENSMUSG00000056145	ENSMUST00000070085				Down
381	383	Glb1l2	15	marpiech_tissues_dex_15	ENSMUSG00000036395	ENSMUST00000160458|ENSMUST00000162378|ENSMUST00000216272|ENSMUST00000040398|ENSMUST00000162252|ENSMUST00000161635|ENSMUST00000162702|ENSMUST00000066560	NM_153803|NM_001310768|	GLB1L2		Up
382	384	Slc25a33	16	marpiech_tissues_dex_16	ENSMUSG00000028982	ENSMUST00000105686	NM_027460	SLC25A33		Up
383	385	Rnf144a	1	marpiech_tissues_dex_1	ENSMUSG00000020642	ENSMUST00000062149|ENSMUST00000222505|ENSMUST00000223137|ENSMUST00000020971|ENSMUST00000222082|ENSMUST00000220742|ENSMUST00000221994	|NM_080563|NM_001081977	RNF144A		Down
384	386	Mela	2	marpiech_tissues_dex_2						Up
385	387	Fbxo10	3	marpiech_tissues_dex_3	ENSMUSG00000048232	ENSMUST00000140008|ENSMUST00000155583|ENSMUST00000052236	|NM_001024142|NM_001378819|NM_001378822|NM_001378820|NM_001378821|NM_001378823	FBXO10		Up
386	388	Cdkn1a	4	marpiech_tissues_dex_4	ENSMUSG00000023067	ENSMUST00000119901|ENSMUST00000122348|ENSMUST00000232979|ENSMUST00000023829|ENSMUST00000233296	|NM_007669|NM_001111099	CDKN1A		Up
387	389	Mbd1	5	marpiech_tissues_dex_5	ENSMUSG00000024561	ENSMUST00000237568|ENSMUST00000239157|ENSMUST00000224047|ENSMUST00000224159|ENSMUST00000224332|ENSMUST00000224907|ENSMUST00000097530	|NM_013594|NM_001357423|NM_001402889|NM_001357422|NM_001357421	MBD1		Up
388	390	Obp2a	6	marpiech_tissues_dex_6	ENSMUSG00000062061	ENSMUST00000077667	NM_153558	OBP2B		Up
389	391	BC030863	7	marpiech_tissues_dex_7						Up
390	392	LOC100041932	8	marpiech_tissues_dex_8						Up
391	393	Mug2	9	marpiech_tissues_dex_9	ENSMUSG00000030131	ENSMUST00000081777	NM_008646	PZP		Up
392	394	A130038J17Rik	10	marpiech_tissues_dex_10						Up
393	395	Slc27a5	11	marpiech_tissues_dex_11	ENSMUSG00000030382	ENSMUST00000120903|ENSMUST00000133977|ENSMUST00000032539|ENSMUST00000155192	|NM_009512	SLC27A5		Up
394	396	Rgcc	12	marpiech_tissues_dex_12	ENSMUSG00000022018	ENSMUST00000022595	NM_025427	RGCC		Up
395	397	1810011O10Rik	13	marpiech_tissues_dex_13						Up
396	398	Crp	14	marpiech_tissues_dex_14	ENSMUSG00000037942	ENSMUST00000194251|ENSMUST00000038495	|NM_007768	CRP		Up
397	399	Lcn2	15	marpiech_tissues_dex_15	ENSMUSG00000026822	ENSMUST00000136509|ENSMUST00000192241|ENSMUST00000050785|ENSMUST00000144569|ENSMUST00000147219|ENSMUST00000155830	|NM_008491	LCN2		Up
398	400	Klf15	16	marpiech_tissues_dex_16	ENSMUSG00000030087	ENSMUST00000203607|ENSMUST00000203039|ENSMUST00000113530|ENSMUST00000032174|ENSMUST00000205136	|NM_023184	KLF15		Up
399	401	Mug-ps1	1	marpiech_tissues_dex_1	ENSMUSG00000101397	ENSMUST00000186891				Up
400	402	Tes	2	marpiech_tissues_dex_2	ENSMUSG00000029552	ENSMUST00000154266|ENSMUST00000121170|ENSMUST00000200690|ENSMUST00000076654|ENSMUST00000115467	|NM_207176	TES		Up
401	403	Slco1b2	3	marpiech_tissues_dex_3	ENSMUSG00000030236	ENSMUST00000203597|ENSMUST00000160179|ENSMUST00000162675|ENSMUST00000042812	|NM_020495	SLCO1B1		Up
402	404	Cyp2c70	4	marpiech_tissues_dex_4	ENSMUSG00000060613	ENSMUST00000164351|ENSMUST00000051846|ENSMUST00000165102|ENSMUST00000171604	|NM_145499			Up
403	405	Mup21	5	marpiech_tissues_dex_5	ENSMUSG00000066153	ENSMUST00000077719	NM_001009550			Up
404	406	8430408G22Rik	6	marpiech_tissues_dex_6						Up
405	407	Aqp9	7	marpiech_tissues_dex_7	ENSMUSG00000032204	ENSMUST00000133239|ENSMUST00000138364|ENSMUST00000153050|ENSMUST00000060917|ENSMUST00000139495|ENSMUST00000074465|ENSMUST00000113570|ENSMUST00000144618|ENSMUST00000136798|ENSMUST00000135892	NM_022026||NM_001271843	AQP9		Up
406	408	Maff	8	marpiech_tissues_dex_8	ENSMUSG00000042622	ENSMUST00000096350|ENSMUST00000229285|ENSMUST00000163691|ENSMUST00000229130	NM_001304830|NM_010755|NM_001304832|NM_001304831	MAFF		Up
407	409	Hao1	9	marpiech_tissues_dex_9	ENSMUSG00000027261	ENSMUST00000140794|ENSMUST00000028704	|NM_010403	HAO1		Up
408	410	Arl4d	10	marpiech_tissues_dex_10	ENSMUSG00000034936	ENSMUST00000039388	NM_025404	ARL4D		Up
409	411	Serpina10	11	marpiech_tissues_dex_11	ENSMUSG00000061947	ENSMUST00000044231|ENSMUST00000121625	NM_001301404|NM_144834	SERPINA10		Up
410	412	Hspa2	12	marpiech_tissues_dex_12	ENSMUSG00000059970	ENSMUST00000219555|ENSMUST00000080449	NM_008301|NM_001409571|NM_001409572|NM_001002012	HSPA2		Up
411	413	Orm1	13	marpiech_tissues_dex_13	ENSMUSG00000039196	ENSMUST00000030044	NM_008768	ORM1		Up
412	414	Adrb2	14	marpiech_tissues_dex_14	ENSMUSG00000045730	ENSMUST00000053640	NM_007420	ADRB2		Up
413	415	F10	15	marpiech_tissues_dex_15	ENSMUSG00000031444	ENSMUST00000152034|ENSMUST00000123768|ENSMUST00000063820|ENSMUST00000033821|ENSMUST00000128418	|NM_001242368|NM_007972	F10		Up
414	416	Tle1	16	marpiech_tissues_dex_16	ENSMUSG00000008305	ENSMUST00000137075|ENSMUST00000107337|ENSMUST00000072695|ENSMUST00000030095|ENSMUST00000134225|ENSMUST00000140154|ENSMUST00000132550|ENSMUST00000123259|ENSMUST00000102848|ENSMUST00000074216	|NM_001285531|NM_001285529|NM_001285532|NM_011599|NM_001285530	TLE1		Up
415	417	Slc25a47	1	marpiech_tissues_dex_1	ENSMUSG00000048856	ENSMUST00000223296|ENSMUST00000221080|ENSMUST00000221453|ENSMUST00000057026|ENSMUST00000221787	|NM_001012310	SLC25A47		Up
416	418	Mrap	2	marpiech_tissues_dex_2	ENSMUSG00000039956	ENSMUST00000133973|ENSMUST00000125429|ENSMUST00000038197|ENSMUST00000138984	|NM_029844	MRAP		Up
417	419	Apoc4	3	marpiech_tissues_dex_3	ENSMUSG00000074336	ENSMUST00000209130|ENSMUST00000003071	|NM_007385	APOC4		Up
418	420	Amica1	4	marpiech_tissues_dex_4						Up
419	421	Cyp8b1	5	marpiech_tissues_dex_5	ENSMUSG00000050445	ENSMUST00000062474	NM_010012	CYP8B1		Up
420	422	Nrn1	6	marpiech_tissues_dex_6	ENSMUSG00000039114	ENSMUST00000037623|ENSMUST00000224960|ENSMUST00000223611|ENSMUST00000224323|ENSMUST00000122286	|NM_001374754|NM_153529	NRN1		Up
421	423	Trf	7	marpiech_tissues_dex_7	ENSMUSG00000032554	ENSMUST00000112503|ENSMUST00000190051|ENSMUST00000165296|ENSMUST00000170904|ENSMUST00000164377|ENSMUST00000112645|ENSMUST00000168142|ENSMUST00000035158|ENSMUST00000126359	|NM_133977	TF		Up
422	424	Lrrc8a	8	marpiech_tissues_dex_8	ENSMUSG00000007476	ENSMUST00000095078|ENSMUST00000113654	|NM_177725	LRRC8A		Up
423	425	Pon1	9	marpiech_tissues_dex_9	ENSMUSG00000002588	ENSMUST00000002663|ENSMUST00000177159|ENSMUST00000176945|ENSMUST00000176933	|NM_011134	PON1		Up
424	426	Slc16a9	10	marpiech_tissues_dex_10	ENSMUSG00000037762	ENSMUST00000046807|ENSMUST00000155933	|NM_025807	SLC16A9		Up
425	427	Pck1	11	marpiech_tissues_dex_11	ENSMUSG00000027513	ENSMUST00000151269|ENSMUST00000150629|ENSMUST00000029017|ENSMUST00000136885	|NM_011044	PCK1		Up
426	428	Gdpd1	12	marpiech_tissues_dex_12	ENSMUSG00000061666	ENSMUST00000020804	NM_025638	GDPD1		Up
427	429	Mup20	13	marpiech_tissues_dex_13	ENSMUSG00000078672	ENSMUST00000074018	NM_001012323			Up
428	430	Ms4a8a	14	marpiech_tissues_dex_14	ENSMUSG00000024730	ENSMUST00000025636|ENSMUST00000187859	|NM_022430	MS4A8		Up
429	431	Bhmt	15	marpiech_tissues_dex_15	ENSMUSG00000074768	ENSMUST00000124193|ENSMUST00000099309	|NM_016668	BHMT		Up
430	432	Hamp	16	marpiech_tissues_dex_16	ENSMUSG00000050440	ENSMUST00000062620	NM_032541	HAMP		Up
431	433	Dcun1d3	1	marpiech_tissues_dex_1	ENSMUSG00000048787	ENSMUST00000142120|ENSMUST00000207233|ENSMUST00000059851|ENSMUST00000207488|ENSMUST00000106519|ENSMUST00000098080|ENSMUST00000137888	|NM_173408|NM_001163703	DCUN1D3		Up
432	434	Mup5	2	marpiech_tissues_dex_2	ENSMUSG00000058523	ENSMUST00000082287	NM_008649			Up
433	435	Lnx2	3	marpiech_tissues_dex_3	ENSMUSG00000016520	ENSMUST00000016664|ENSMUST00000123092	|NM_080795	LNX2		Up
434	436	Apoh	4	marpiech_tissues_dex_4	ENSMUSG00000000049	ENSMUST00000133383|ENSMUST00000152958|ENSMUST00000000049|ENSMUST00000146050	|NM_013475	APOH		Up
435	437	C4bp	5	marpiech_tissues_dex_5	ENSMUSG00000026405	ENSMUST00000137276|ENSMUST00000190624|ENSMUST00000027657|ENSMUST00000171642	|NM_007576	C4BPA		Up
436	438	EG668311	6	marpiech_tissues_dex_6						Up
437	439	Cyp2c67	7	marpiech_tissues_dex_7	ENSMUSG00000062624	ENSMUST00000067328	NM_001024719			Up
438	440	Cyp1a2	8	marpiech_tissues_dex_8	ENSMUSG00000032310	ENSMUST00000215792|ENSMUST00000034860	|NM_009993	CYP1A2		Up
439	441	Syde2	9	marpiech_tissues_dex_9	ENSMUSG00000036863	ENSMUST00000212479|ENSMUST00000039517|ENSMUST00000200546|ENSMUST00000195918	|NM_001166064	SYDE2		Up
440	442	Ces1c	10	marpiech_tissues_dex_10	ENSMUSG00000057400	ENSMUST00000034189|ENSMUST00000212091|ENSMUST00000211843	|NM_007954	CES1		Up
441	443	4930523C07Rik	11	marpiech_tissues_dex_11	ENSMUSG00000090394	ENSMUST00000060298|ENSMUST00000191933|ENSMUST00000168250|ENSMUST00000163892|ENSMUST00000097513|ENSMUST00000165923	|NM_001162896	KIAA0040		Up
442	444	Rdh7	12	marpiech_tissues_dex_12	ENSMUSG00000040134	ENSMUST00000047199|ENSMUST00000130374	|NM_001150749|NM_017473	RDH16		Up
443	445	Hsd3b5	13	marpiech_tissues_dex_13	ENSMUSG00000038092	ENSMUST00000044094	NM_008295	HSD3B2		Up
444	446	Enc1	14	marpiech_tissues_dex_14	ENSMUSG00000041773	ENSMUST00000041623	NM_007930	ENC1		Up
445	447	F2	15	marpiech_tissues_dex_15	ENSMUSG00000027249	ENSMUST00000028681|ENSMUST00000111335|ENSMUST00000153182	|NM_010168	F2		Up
446	448	Il15ra	16	marpiech_tissues_dex_16	ENSMUSG00000023206	ENSMUST00000078834|ENSMUST00000126394|ENSMUST00000114831|ENSMUST00000091456|ENSMUST00000148748|ENSMUST00000114833|ENSMUST00000139774|ENSMUST00000191662|ENSMUST00000128156|ENSMUST00000135341|ENSMUST00000114834|ENSMUST00000133975|ENSMUST00000138856|ENSMUST00000130245|ENSMUST00000114832|ENSMUST00000123600|ENSMUST00000138349|ENSMUST00000124448	|NM_133836|NM_008358|NM_001271497|NM_001271501|NM_001271498|NM_001271500|NM_001271499	IL15RA		Up
447	449	Pdk4	1	marpiech_tissues_dex_1	ENSMUSG00000019577	ENSMUST00000134068|ENSMUST00000019721|ENSMUST00000203347	|NM_013743	PDK4		Up
448	450	C9	2	marpiech_tissues_dex_2	ENSMUSG00000022149	ENSMUST00000239466|ENSMUST00000128097|ENSMUST00000127196|ENSMUST00000022749|ENSMUST00000147905	|NM_001368420|NM_001368421|NM_013485	C9		Up
449	451	Ranbp9	3	marpiech_tissues_dex_3	ENSMUSG00000038546	ENSMUST00000222023|ENSMUST00000221092|ENSMUST00000144326|ENSMUST00000222239|ENSMUST00000220529|ENSMUST00000220601|ENSMUST00000220500|ENSMUST00000222651	|NM_019930	RANBP9		Up
450	452	Vtn	4	marpiech_tissues_dex_4	ENSMUSG00000017344	ENSMUST00000128479|ENSMUST00000017488|ENSMUST00000146997|ENSMUST00000153628	|NM_011707	VTN		Up
451	453	Cyp2c37	5	marpiech_tissues_dex_5	ENSMUSG00000042248	ENSMUST00000049178	NM_010001			Up
452	454	Serpina3m	6	marpiech_tissues_dex_6	ENSMUSG00000079012	ENSMUST00000101078|ENSMUST00000168797	|NM_009253	SERPINA3		Up
453	455	Uox	7	marpiech_tissues_dex_7	ENSMUSG00000028186	ENSMUST00000138921|ENSMUST00000199489|ENSMUST00000029837|ENSMUST00000147409|ENSMUST00000197320|ENSMUST00000121133	|NM_009474			Up
454	456	Ampd3	8	marpiech_tissues_dex_8	ENSMUSG00000005686	ENSMUST00000176487|ENSMUST00000005829|ENSMUST00000147587|ENSMUST00000213373|ENSMUST00000170374|ENSMUST00000148292|ENSMUST00000106686|ENSMUST00000143786	|NM_001276301|NM_001372439|NM_009667|NM_001372441	AMPD3		Up
455	457	Arg1	9	marpiech_tissues_dex_9	ENSMUSG00000019987	ENSMUST00000220186|ENSMUST00000218260|ENSMUST00000020161	|NM_007482	ARG1		Up
456	458	Adamts15	10	marpiech_tissues_dex_10	ENSMUSG00000033453	ENSMUST00000217070|ENSMUST00000216215|ENSMUST00000065112	NM_001329420||NM_001024139	ADAMTS15		Up
457	459	EG640530	11	marpiech_tissues_dex_11						Up
458	460	Rnf169	12	marpiech_tissues_dex_12	ENSMUSG00000058761	ENSMUST00000080817|ENSMUST00000174264	NM_175388|	RNF169		Up
459	461	Asgr1	13	marpiech_tissues_dex_13	ENSMUSG00000020884	ENSMUST00000146411|ENSMUST00000108585|ENSMUST00000018699|ENSMUST00000092959|ENSMUST00000123369	NM_009714||NM_001291131|NM_001291132	ASGR1		Up
460	462	4632418H02Rik	14	marpiech_tissues_dex_14	ENSMUSG00000111605	ENSMUST00000217287				Up
461	463	Plg	15	marpiech_tissues_dex_15	ENSMUSG00000059481	ENSMUST00000014578|ENSMUST00000232767	|NM_008877	PLGLB2		Up
462	464	Larp4	16	marpiech_tissues_dex_16	ENSMUSG00000023025	ENSMUST00000230521|ENSMUST00000229553|ENSMUST00000100206|ENSMUST00000057632|ENSMUST00000231128|ENSMUST00000229426|ENSMUST00000231160|ENSMUST00000229891|ENSMUST00000230956	|NM_001284522|NM_001024526|NM_001080948|NM_001284523|NM_001284521	LARP4		Up
463	465	Ces3b	1	marpiech_tissues_dex_1	ENSMUSG00000062181	ENSMUST00000093221|ENSMUST00000173838|ENSMUST00000074403|ENSMUST00000173088	|NM_001159415|NM_144511	CES3		Up
464	466	Cyp2c50	2	marpiech_tissues_dex_2	ENSMUSG00000054827	ENSMUST00000080171|ENSMUST00000068094|ENSMUST00000124391	NM_134144|NM_001167875|NM_001167877			Up
465	467	Apof	3	marpiech_tissues_dex_3	ENSMUSG00000047631	ENSMUST00000238970|ENSMUST00000050901	|NM_133997	APOF		Up
466	468	Cps1	4	marpiech_tissues_dex_4	ENSMUSG00000025991	ENSMUST00000027144	NM_001080809	CPS1		Up
467	469	Mat1a	5	marpiech_tissues_dex_5	ENSMUSG00000037798	ENSMUST00000047286|ENSMUST00000225720|ENSMUST00000224514	|NM_133653	MAT1A		Up
468	470	Ugt2b36	6	marpiech_tissues_dex_6	ENSMUSG00000070704	ENSMUST00000132667|ENSMUST00000145617|ENSMUST00000094649|ENSMUST00000154455	|NM_001029867			Up
469	471	Fgl1	7	marpiech_tissues_dex_7	ENSMUSG00000031594	ENSMUST00000034003|ENSMUST00000134510	|NM_145594	FGL1		Up
470	472	F9	8	marpiech_tissues_dex_8	ENSMUSG00000031138	ENSMUST00000033477	NM_001305797|NM_007979	F9		Up
471	473	Serpina12	9	marpiech_tissues_dex_9	ENSMUSG00000041567	ENSMUST00000043915	NM_026535	SERPINA12		Up
472	474	Cyp3a11	10	marpiech_tissues_dex_10	ENSMUSG00000056035	ENSMUST00000035918|ENSMUST00000199857	|NM_007818			Up
473	475	Cyp2a12	11	marpiech_tissues_dex_11	ENSMUSG00000060407	ENSMUST00000075552|ENSMUST00000207016	|NM_133657			Up
474	476	Polr3e	12	marpiech_tissues_dex_12	ENSMUSG00000030880	ENSMUST00000207481|ENSMUST00000033173|ENSMUST00000106483|ENSMUST00000209014	|NM_025298|NM_001379288|NM_001164096	POLR3E		Up
475	477	Arhgef28	13	marpiech_tissues_dex_13	ENSMUSG00000021662	ENSMUST00000238746|ENSMUST00000225884|ENSMUST00000225269|ENSMUST00000225663|ENSMUST00000109426|ENSMUST00000223849|ENSMUST00000224866	NM_012026||NM_001408684|NM_001408685|NM_001408686	ARHGEF28		Up
476	478	Fgfbp1	14	marpiech_tissues_dex_14	ENSMUSG00000048373	ENSMUST00000199894|ENSMUST00000199481|ENSMUST00000061299	|NM_001271616|NM_008009	FGFBP1		Up
477	479	Uap1	15	marpiech_tissues_dex_15	ENSMUSG00000026670	ENSMUST00000160848|ENSMUST00000027981|ENSMUST00000111351|ENSMUST00000191797|ENSMUST00000162253|ENSMUST00000111350|ENSMUST00000191690|ENSMUST00000161492|ENSMUST00000161112	|NM_001305045|NM_001305046|NM_133806	UAP1		Up
478	480	Cul3	16	marpiech_tissues_dex_16	ENSMUSG00000004364	ENSMUST00000167794|ENSMUST00000168372|ENSMUST00000167293|ENSMUST00000163119|ENSMUST00000164108|ENSMUST00000170897	NM_001313728|NM_016716|	CUL3		Up
